Sno,Admission Number,Fee Head,Fee Head,Fees Assigned,concession,Paid,Due
3,10003367,Admission Fee,WonderSkill Workshop,0,0,0,0
5,10003365,Admission Fee,WonderSkill Workshop,0,0,0,0
6,10003364,Admission Fee,WonderSkill Workshop,0,0,0,0
7,10003362,Admission Fee,WonderSkill Workshop,0,0,0,0
8,10003361,Admission Fee,WonderSkill Workshop,0,0,0,0
9,10003360,Admission Fee,WonderSkill Workshop,0,0,0,0
10,10003359,Admission Fee,WonderSkill Workshop,0,0,0,0
11,10003357,Admission Fee,WonderSkill Workshop,0,0,0,0
12,10003356,Admission Fee,WonderSkill Workshop,0,0,0,0
13,10003368,Admission Fee,WonderSkill Workshop,0,0,0,0
14,10003369,Admission Fee,WonderSkill Workshop,0,0,0,0
15,10003370,Admission Fee,WonderSkill Workshop,0,0,0,0
16,10003371,Admission Fee,WonderSkill Workshop,0,0,0,0
17,10003372,Admission Fee,WonderSkill Workshop,0,0,0,0
18,10003373,Admission Fee,WonderSkill Workshop,0,0,0,0
19,10003374,Admission Fee,WonderSkill Workshop,0,0,0,0
20,10003307,Admission Fee,WonderSkill Workshop,0,0,0,0
21,10003299,Admission Fee,WonderSkill Workshop,0,0,0,0
22,10003313,Admission Fee,WonderSkill Workshop,0,0,0,0
23,10003221,Admission Fee,WonderSkill Workshop,0,0,0,0
24,10000913,Admission Fee,WonderSkill Workshop,0,0,0,0
25,10001670,Admission Fee,WonderSkill Workshop,0,0,0,0
26,10001371,Admission Fee,WonderSkill Workshop,0,0,0,0
27,10002939,Admission Fee,WonderSkill Workshop,0,0,0,0
28,10001546,Admission Fee,WonderSkill Workshop,0,0,0,0
29,10001190,Admission Fee,WonderSkill Workshop,0,0,0,0
30,10000820,Admission Fee,WonderSkill Workshop,0,0,0,0
31,10000846,Admission Fee,WonderSkill Workshop,0,0,0,0
32,10000963,Admission Fee,WonderSkill Workshop,0,0,0,0
33,10001347,Admission Fee,WonderSkill Workshop,0,0,0,0
34,10000940,Admission Fee,WonderSkill Workshop,0,0,0,0
35,10001911,Admission Fee,WonderSkill Workshop,0,0,0,0
36,10001166,Admission Fee,WonderSkill Workshop,0,0,0,0
37,10000951,Admission Fee,WonderSkill Workshop,0,0,0,0
38,10000814,Admission Fee,WonderSkill Workshop,0,0,0,0
39,10000888,Admission Fee,WonderSkill Workshop,0,0,0,0
40,10001697,Admission Fee,WonderSkill Workshop,0,0,0,0
41,10001345,Admission Fee,WonderSkill Workshop,0,0,0,0
42,10001933,Admission Fee,WonderSkill Workshop,0,0,0,0
43,10003285,Admission Fee,WonderSkill Workshop,0,0,0,0
44,10003284,Admission Fee,WonderSkill Workshop,0,0,0,0
45,10001726,Admission Fee,WonderSkill Workshop,0,0,0,0
46,10000967,Admission Fee,WonderSkill Workshop,0,0,0,0
47,10001886,Admission Fee,WonderSkill Workshop,0,0,0,0
48,10000952,Admission Fee,WonderSkill Workshop,0,0,0,0
49,10003262,Admission Fee,WonderSkill Workshop,0,0,0,0
50,10000907,Admission Fee,WonderSkill Workshop,0,0,0,0
51,10000860,Admission Fee,WonderSkill Workshop,0,0,0,0
52,10001367,Admission Fee,WonderSkill Workshop,0,0,0,0
53,10001119,Admission Fee,WonderSkill Workshop,0,0,0,0
54,10003076,Admission Fee,WonderSkill Workshop,0,0,0,0
55,10001010,Admission Fee,WonderSkill Workshop,0,0,0,0
56,10001156,Admission Fee,WonderSkill Workshop,0,0,0,0
57,10000815,Admission Fee,WonderSkill Workshop,0,0,0,0
58,10000933,Admission Fee,WonderSkill Workshop,0,0,0,0
59,10001211,Admission Fee,WonderSkill Workshop,0,0,0,0
60,10000817,Admission Fee,WonderSkill Workshop,0,0,0,0
61,10003244,Admission Fee,WonderSkill Workshop,0,0,0,0
62,10000884,Admission Fee,WonderSkill Workshop,0,0,0,0
63,10001268,Admission Fee,WonderSkill Workshop,0,0,0,0
64,10000898,Admission Fee,WonderSkill Workshop,0,0,0,0
65,10001075,Admission Fee,WonderSkill Workshop,0,0,0,0
66,10001437,Admission Fee,WonderSkill Workshop,0,0,0,0
67,10001231,Admission Fee,WonderSkill Workshop,0,0,0,0
68,10003302,Admission Fee,WonderSkill Workshop,0,0,0,0
69,10003287,Admission Fee,WonderSkill Workshop,0,0,0,0
70,10001187,Admission Fee,WonderSkill Workshop,0,0,0,0
71,10003109,Admission Fee,WonderSkill Workshop,0,0,0,0
72,10003276,Admission Fee,WonderSkill Workshop,0,0,0,0
73,10001228,Admission Fee,WonderSkill Workshop,0,0,0,0
74,10001017,Admission Fee,WonderSkill Workshop,0,0,0,0
75,10000882,Admission Fee,WonderSkill Workshop,0,0,0,0
76,10001152,Admission Fee,WonderSkill Workshop,0,0,0,0
77,10001401,Admission Fee,WonderSkill Workshop,0,0,0,0
78,10000938,Admission Fee,WonderSkill Workshop,0,0,0,0
79,10001059,Admission Fee,WonderSkill Workshop,0,0,0,0
80,10000924,Admission Fee,WonderSkill Workshop,0,0,0,0
81,10000842,Admission Fee,WonderSkill Workshop,0,0,0,0
82,10001149,Admission Fee,WonderSkill Workshop,0,0,0,0
83,10000965,Admission Fee,WonderSkill Workshop,0,0,0,0
84,10000941,Admission Fee,WonderSkill Workshop,0,0,0,0
85,10002883,Admission Fee,WonderSkill Workshop,0,0,0,0
86,10001057,Admission Fee,WonderSkill Workshop,0,0,0,0
87,10000818,Admission Fee,WonderSkill Workshop,0,0,0,0
88,10000939,Admission Fee,WonderSkill Workshop,0,0,0,0
89,10002492,Admission Fee,WonderSkill Workshop,0,0,0,0
90,10001251,Admission Fee,WonderSkill Workshop,0,0,0,0
91,10003199,Admission Fee,WonderSkill Workshop,0,0,0,0
92,10001106,Admission Fee,WonderSkill Workshop,0,0,0,0
93,10003213,Admission Fee,WonderSkill Workshop,0,0,0,0
94,10001145,Admission Fee,WonderSkill Workshop,0,0,0,0
95,10000847,Admission Fee,WonderSkill Workshop,0,0,0,0
96,10001368,Admission Fee,WonderSkill Workshop,0,0,0,0
97,10001159,Admission Fee,WonderSkill Workshop,0,0,0,0
98,10000826,Admission Fee,WonderSkill Workshop,0,0,0,0
99,10001274,Admission Fee,WonderSkill Workshop,0,0,0,0
100,10001568,Admission Fee,WonderSkill Workshop,0,0,0,0
101,10001565,Admission Fee,WonderSkill Workshop,0,0,0,0
102,10001295,Admission Fee,WonderSkill Workshop,0,0,0,0
103,10001193,Admission Fee,WonderSkill Workshop,0,0,0,0
104,10001323,Admission Fee,WonderSkill Workshop,0,0,0,0
105,10002128,Admission Fee,WonderSkill Workshop,0,0,0,0
106,10001191,Admission Fee,WonderSkill Workshop,0,0,0,0
107,10003301,Admission Fee,WonderSkill Workshop,0,0,0,0
108,10003300,Admission Fee,WonderSkill Workshop,0,0,0,0
109,10003170,Admission Fee,WonderSkill Workshop,0,0,0,0
110,10001188,Admission Fee,WonderSkill Workshop,0,0,0,0
111,10001990,Admission Fee,WonderSkill Workshop,0,0,0,0
112,10001239,Admission Fee,WonderSkill Workshop,0,0,0,0
113,10001545,Admission Fee,WonderSkill Workshop,0,0,0,0
114,10001013,Admission Fee,WonderSkill Workshop,0,0,0,0
115,10001267,Admission Fee,WonderSkill Workshop,0,0,0,0
116,10003067,Admission Fee,WonderSkill Workshop,0,0,0,0
117,10001271,Admission Fee,WonderSkill Workshop,0,0,0,0
118,10002807,Admission Fee,WonderSkill Workshop,0,0,0,0
119,10001256,Admission Fee,WonderSkill Workshop,0,0,0,0
120,10001336,Admission Fee,WonderSkill Workshop,0,0,0,0
121,10001290,Admission Fee,WonderSkill Workshop,0,0,0,0
122,10001260,Admission Fee,WonderSkill Workshop,0,0,0,0
123,10001922,Admission Fee,WonderSkill Workshop,0,0,0,0
124,10001712,Admission Fee,WonderSkill Workshop,0,0,0,0
125,10001660,Admission Fee,WonderSkill Workshop,0,0,0,0
126,10001377,Admission Fee,WonderSkill Workshop,0,0,0,0
127,10001135,Admission Fee,WonderSkill Workshop,0,0,0,0
128,10001303,Admission Fee,WonderSkill Workshop,0,0,0,0
129,10001321,Admission Fee,WonderSkill Workshop,0,0,0,0
130,10001208,Admission Fee,WonderSkill Workshop,0,0,0,0
131,10001142,Admission Fee,WonderSkill Workshop,0,0,0,0
132,10000899,Admission Fee,WonderSkill Workshop,0,0,0,0
133,10001248,Admission Fee,WonderSkill Workshop,0,0,0,0
134,10003273,Admission Fee,WonderSkill Workshop,0,0,0,0
135,10001309,Admission Fee,WonderSkill Workshop,0,0,0,0
136,10003169,Admission Fee,WonderSkill Workshop,0,0,0,0
137,10003150,Admission Fee,WonderSkill Workshop,0,0,0,0
138,10001280,Admission Fee,WonderSkill Workshop,0,0,0,0
139,10002827,Admission Fee,WonderSkill Workshop,0,0,0,0
140,10001127,Admission Fee,WonderSkill Workshop,0,0,0,0
141,10001936,Admission Fee,WonderSkill Workshop,0,0,0,0
142,10002160,Admission Fee,WonderSkill Workshop,0,0,0,0
143,10001307,Admission Fee,WonderSkill Workshop,0,0,0,0
144,10001581,Admission Fee,WonderSkill Workshop,0,0,0,0
145,10001337,Admission Fee,WonderSkill Workshop,0,0,0,0
146,10002327,Admission Fee,WonderSkill Workshop,0,0,0,0
147,10002372,Admission Fee,WonderSkill Workshop,0,0,0,0
148,10001227,Admission Fee,WonderSkill Workshop,0,0,0,0
149,10001384,Admission Fee,WonderSkill Workshop,0,0,0,0
150,10001686,Admission Fee,WonderSkill Workshop,0,0,0,0
151,10001457,Admission Fee,WonderSkill Workshop,0,0,0,0
152,10001326,Admission Fee,WonderSkill Workshop,0,0,0,0
153,10002157,Admission Fee,WonderSkill Workshop,0,0,0,0
154,10001324,Admission Fee,WonderSkill Workshop,0,0,0,0
155,10001713,Admission Fee,WonderSkill Workshop,0,0,0,0
156,10001494,Admission Fee,WonderSkill Workshop,0,0,0,0
157,10002703,Admission Fee,WonderSkill Workshop,0,0,0,0
158,10001862,Admission Fee,WonderSkill Workshop,0,0,0,0
159,10001292,Admission Fee,WonderSkill Workshop,0,0,0,0
160,10001953,Admission Fee,WonderSkill Workshop,0,0,0,0
161,10001844,Admission Fee,WonderSkill Workshop,0,0,0,0
162,10003303,Admission Fee,WonderSkill Workshop,0,0,0,0
163,10001711,Admission Fee,WonderSkill Workshop,0,0,0,0
164,10003133,Admission Fee,WonderSkill Workshop,0,0,0,0
165,10001420,Admission Fee,WonderSkill Workshop,0,0,0,0
166,10001181,Admission Fee,WonderSkill Workshop,0,0,0,0
167,10001129,Admission Fee,WonderSkill Workshop,0,0,0,0
168,10001255,Admission Fee,WonderSkill Workshop,0,0,0,0
169,10001286,Admission Fee,WonderSkill Workshop,0,0,0,0
170,10001234,Admission Fee,WonderSkill Workshop,0,0,0,0
171,10001233,Admission Fee,WonderSkill Workshop,0,0,0,0
172,10001243,Admission Fee,WonderSkill Workshop,0,0,0,0
173,10001340,Admission Fee,WonderSkill Workshop,0,0,0,0
174,10002860,Admission Fee,WonderSkill Workshop,0,0,0,0
175,10002102,Admission Fee,WonderSkill Workshop,0,0,0,0
176,10001535,Admission Fee,WonderSkill Workshop,0,0,0,0
177,10002800,Admission Fee,WonderSkill Workshop,0,0,0,0
178,10001157,Admission Fee,WonderSkill Workshop,0,0,0,0
179,10002617,Admission Fee,WonderSkill Workshop,0,0,0,0
180,10002104,Admission Fee,WonderSkill Workshop,0,0,0,0
181,10001242,Admission Fee,WonderSkill Workshop,0,0,0,0
182,10001293,Admission Fee,WonderSkill Workshop,0,0,0,0
183,10002302,Admission Fee,WonderSkill Workshop,0,0,0,0
184,10001131,Admission Fee,WonderSkill Workshop,0,0,0,0
185,10001311,Admission Fee,WonderSkill Workshop,0,0,0,0
186,10001418,Admission Fee,WonderSkill Workshop,0,0,0,0
187,10001310,Admission Fee,WonderSkill Workshop,0,0,0,0
188,10001451,Admission Fee,WonderSkill Workshop,0,0,0,0
189,10001314,Admission Fee,WonderSkill Workshop,0,0,0,0
190,10002296,Admission Fee,WonderSkill Workshop,0,0,0,0
191,10001854,Admission Fee,WonderSkill Workshop,0,0,0,0
192,10001408,Admission Fee,WonderSkill Workshop,0,0,0,0
193,10001514,Admission Fee,WonderSkill Workshop,0,0,0,0
194,10002962,Admission Fee,WonderSkill Workshop,0,0,0,0
195,10001512,Admission Fee,WonderSkill Workshop,0,0,0,0
196,10001335,Admission Fee,WonderSkill Workshop,0,0,0,0
197,10001455,Admission Fee,WonderSkill Workshop,0,0,0,0
198,10002986,Admission Fee,WonderSkill Workshop,0,0,0,0
199,10003029,Admission Fee,WonderSkill Workshop,0,0,0,0
200,10001304,Admission Fee,WonderSkill Workshop,0,0,0,0
201,10002785,Admission Fee,WonderSkill Workshop,0,0,0,0
202,10001843,Admission Fee,WonderSkill Workshop,0,0,0,0
203,10001339,Admission Fee,WonderSkill Workshop,0,0,0,0
204,10001669,Admission Fee,WonderSkill Workshop,0,0,0,0
205,10001859,Admission Fee,WonderSkill Workshop,0,0,0,0
206,10001528,Admission Fee,WonderSkill Workshop,0,0,0,0
207,10001674,Admission Fee,WonderSkill Workshop,0,0,0,0
208,10001328,Admission Fee,WonderSkill Workshop,0,0,0,0
209,10001778,Admission Fee,WonderSkill Workshop,0,0,0,0
210,10001454,Admission Fee,WonderSkill Workshop,0,0,0,0
211,10001460,Admission Fee,WonderSkill Workshop,0,0,0,0
212,10001458,Admission Fee,WonderSkill Workshop,0,0,0,0
213,10001453,Admission Fee,WonderSkill Workshop,0,0,0,0
214,10001322,Admission Fee,WonderSkill Workshop,0,0,0,0
215,10001318,Admission Fee,WonderSkill Workshop,0,0,0,0
216,10001710,Admission Fee,WonderSkill Workshop,0,0,0,0
217,10001325,Admission Fee,WonderSkill Workshop,0,0,0,0
218,10001481,Admission Fee,WonderSkill Workshop,0,0,0,0
219,10001557,Admission Fee,WonderSkill Workshop,0,0,0,0
220,10001737,Admission Fee,WonderSkill Workshop,0,0,0,0
221,10003294,Admission Fee,WonderSkill Workshop,0,0,0,0
222,10001591,Admission Fee,WonderSkill Workshop,0,0,0,0
223,10001441,Admission Fee,WonderSkill Workshop,0,0,0,0
224,10003240,Admission Fee,WonderSkill Workshop,0,0,0,0
225,10003161,Admission Fee,WonderSkill Workshop,0,0,0,0
226,10001471,Admission Fee,WonderSkill Workshop,0,0,0,0
227,10001536,Admission Fee,WonderSkill Workshop,0,0,0,0
228,10002991,Admission Fee,WonderSkill Workshop,0,0,0,0
229,10001714,Admission Fee,WonderSkill Workshop,0,0,0,0
230,10001531,Admission Fee,WonderSkill Workshop,0,0,0,0
231,10001576,Admission Fee,WonderSkill Workshop,0,0,0,0
232,10001537,Admission Fee,WonderSkill Workshop,0,0,0,0
233,10001501,Admission Fee,WonderSkill Workshop,0,0,0,0
234,10003092,Admission Fee,WonderSkill Workshop,0,0,0,0
235,10001300,Admission Fee,WonderSkill Workshop,0,0,0,0
236,10002340,Admission Fee,WonderSkill Workshop,0,0,0,0
237,10001464,Admission Fee,WonderSkill Workshop,0,0,0,0
238,10002097,Admission Fee,WonderSkill Workshop,0,0,0,0
239,10001960,Admission Fee,WonderSkill Workshop,0,0,0,0
240,10001863,Admission Fee,WonderSkill Workshop,0,0,0,0
241,10001582,Admission Fee,WonderSkill Workshop,0,0,0,0
242,10001694,Admission Fee,WonderSkill Workshop,0,0,0,0
243,10001298,Admission Fee,WonderSkill Workshop,0,0,0,0
244,10001684,Admission Fee,WonderSkill Workshop,0,0,0,0
245,10001490,Admission Fee,WonderSkill Workshop,0,0,0,0
246,10001698,Admission Fee,WonderSkill Workshop,0,0,0,0
247,10001370,Admission Fee,WonderSkill Workshop,0,0,0,0
248,10001305,Admission Fee,WonderSkill Workshop,0,0,0,0
249,10001452,Admission Fee,WonderSkill Workshop,0,0,0,0
250,10001667,Admission Fee,WonderSkill Workshop,0,0,0,0
251,10003279,Admission Fee,WonderSkill Workshop,0,0,0,0
252,10001317,Admission Fee,WonderSkill Workshop,0,0,0,0
253,10003096,Admission Fee,WonderSkill Workshop,0,0,0,0
254,10002941,Admission Fee,WonderSkill Workshop,0,0,0,0
255,10001381,Admission Fee,WonderSkill Workshop,0,0,0,0
256,10001857,Admission Fee,WonderSkill Workshop,0,0,0,0
257,10001751,Admission Fee,WonderSkill Workshop,0,0,0,0
258,10001462,Admission Fee,WonderSkill Workshop,0,0,0,0
259,10002196,Admission Fee,WonderSkill Workshop,0,0,0,0
260,10001331,Admission Fee,WonderSkill Workshop,0,0,0,0
261,10001563,Admission Fee,WonderSkill Workshop,0,0,0,0
262,10001489,Admission Fee,WonderSkill Workshop,0,0,0,0
263,10002997,Admission Fee,WonderSkill Workshop,0,0,0,0
264,10002972,Admission Fee,WonderSkill Workshop,0,0,0,0
265,10001308,Admission Fee,WonderSkill Workshop,0,0,0,0
266,10002565,Admission Fee,WonderSkill Workshop,0,0,0,0
267,10002486,Admission Fee,WonderSkill Workshop,0,0,0,0
268,10001574,Admission Fee,WonderSkill Workshop,0,0,0,0
269,10002214,Admission Fee,WonderSkill Workshop,0,0,0,0
270,10001892,Admission Fee,WonderSkill Workshop,0,0,0,0
271,10002186,Admission Fee,WonderSkill Workshop,0,0,0,0
272,10001443,Admission Fee,WonderSkill Workshop,0,0,0,0
273,10001375,Admission Fee,WonderSkill Workshop,0,0,0,0
274,10001682,Admission Fee,WonderSkill Workshop,0,0,0,0
275,10001333,Admission Fee,WonderSkill Workshop,0,0,0,0
276,10001580,Admission Fee,WonderSkill Workshop,0,0,0,0
277,10001509,Admission Fee,WonderSkill Workshop,0,0,0,0
278,10002711,Admission Fee,WonderSkill Workshop,0,0,0,0
279,10001543,Admission Fee,WonderSkill Workshop,0,0,0,0
280,10001642,Admission Fee,WonderSkill Workshop,0,0,0,0
281,10001515,Admission Fee,WonderSkill Workshop,0,0,0,0
282,10001606,Admission Fee,WonderSkill Workshop,0,0,0,0
283,10003236,Admission Fee,WonderSkill Workshop,0,0,0,0
284,10001474,Admission Fee,WonderSkill Workshop,0,0,0,0
285,10001442,Admission Fee,WonderSkill Workshop,0,0,0,0
286,10001477,Admission Fee,WonderSkill Workshop,0,0,0,0
287,10001643,Admission Fee,WonderSkill Workshop,0,0,0,0
288,10001482,Admission Fee,WonderSkill Workshop,0,0,0,0
289,10002920,Admission Fee,WonderSkill Workshop,0,0,0,0
290,10001579,Admission Fee,WonderSkill Workshop,0,0,0,0
291,10002851,Admission Fee,WonderSkill Workshop,0,0,0,0
292,10001630,Admission Fee,WonderSkill Workshop,0,0,0,0
293,10001784,Admission Fee,WonderSkill Workshop,0,0,0,0
294,10001756,Admission Fee,WonderSkill Workshop,0,0,0,0
295,10002133,Admission Fee,WonderSkill Workshop,0,0,0,0
296,10002165,Admission Fee,WonderSkill Workshop,0,0,0,0
297,10001855,Admission Fee,WonderSkill Workshop,0,0,0,0
298,10001770,Admission Fee,WonderSkill Workshop,0,0,0,0
299,10001518,Admission Fee,WonderSkill Workshop,0,0,0,0
300,10001544,Admission Fee,WonderSkill Workshop,0,0,0,0
301,10001720,Admission Fee,WonderSkill Workshop,0,0,0,0
302,10002150,Admission Fee,WonderSkill Workshop,0,0,0,0
303,10002075,Admission Fee,WonderSkill Workshop,0,0,0,0
304,10002084,Admission Fee,WonderSkill Workshop,0,0,0,0
305,10001507,Admission Fee,WonderSkill Workshop,0,0,0,0
306,10001476,Admission Fee,WonderSkill Workshop,0,0,0,0
307,10001479,Admission Fee,WonderSkill Workshop,0,0,0,0
308,10001615,Admission Fee,WonderSkill Workshop,0,0,0,0
309,10001661,Admission Fee,WonderSkill Workshop,0,0,0,0
310,10001566,Admission Fee,WonderSkill Workshop,0,0,0,0
311,10001525,Admission Fee,WonderSkill Workshop,1000,1000,0,0
312,10003238,Admission Fee,WonderSkill Workshop,0,0,0,0
313,10003214,Admission Fee,WonderSkill Workshop,0,0,0,0
314,10003210,Admission Fee,WonderSkill Workshop,0,0,0,0
315,10003066,Admission Fee,WonderSkill Workshop,0,0,0,0
316,10003120,Admission Fee,WonderSkill Workshop,0,0,0,0
317,10003116,Admission Fee,WonderSkill Workshop,0,0,0,0
318,10001622,Admission Fee,WonderSkill Workshop,0,0,0,0
319,10003045,Admission Fee,WonderSkill Workshop,0,0,0,0
320,10003036,Admission Fee,WonderSkill Workshop,0,0,0,0
321,10002965,Admission Fee,WonderSkill Workshop,0,0,0,0
322,10002961,Admission Fee,WonderSkill Workshop,0,0,0,0
323,10002907,Admission Fee,WonderSkill Workshop,0,0,0,0
324,10001885,Admission Fee,WonderSkill Workshop,0,0,0,0
325,10001765,Admission Fee,WonderSkill Workshop,0,0,0,0
326,10002293,Admission Fee,WonderSkill Workshop,0,0,0,0
327,10002298,Admission Fee,WonderSkill Workshop,0,0,0,0
328,10001560,Admission Fee,WonderSkill Workshop,0,0,0,0
329,10002060,Admission Fee,WonderSkill Workshop,0,0,0,0
330,10002085,Admission Fee,WonderSkill Workshop,0,0,0,0
331,10001762,Admission Fee,WonderSkill Workshop,0,0,0,0
332,10002081,Admission Fee,WonderSkill Workshop,0,0,0,0
333,10001519,Admission Fee,WonderSkill Workshop,0,0,0,0
334,10001611,Admission Fee,WonderSkill Workshop,0,0,0,0
335,10001578,Admission Fee,WonderSkill Workshop,0,0,0,0
336,10001478,Admission Fee,WonderSkill Workshop,0,0,0,0
337,10001866,Admission Fee,WonderSkill Workshop,0,0,0,0
338,10001473,Admission Fee,WonderSkill Workshop,0,0,0,0
339,10003256,Admission Fee,WonderSkill Workshop,0,0,0,0
340,10003135,Admission Fee,WonderSkill Workshop,0,0,0,0
341,10001634,Admission Fee,WonderSkill Workshop,0,0,0,0
342,10002906,Admission Fee,WonderSkill Workshop,0,0,0,0
343,10002769,Admission Fee,WonderSkill Workshop,0,0,0,0
344,10001530,Admission Fee,WonderSkill Workshop,0,0,0,0
345,10001480,Admission Fee,WonderSkill Workshop,0,0,0,0
346,10001722,Admission Fee,WonderSkill Workshop,0,0,0,0
347,10002143,Admission Fee,WonderSkill Workshop,0,0,0,0
348,10002105,Admission Fee,WonderSkill Workshop,0,0,0,0
349,10001876,Admission Fee,WonderSkill Workshop,0,0,0,0
350,10001856,Admission Fee,WonderSkill Workshop,0,0,0,0
351,10001983,Admission Fee,WonderSkill Workshop,0,0,0,0
352,10001704,Admission Fee,WonderSkill Workshop,0,0,0,0
353,10001909,Admission Fee,WonderSkill Workshop,0,0,0,0
354,10001517,Admission Fee,WonderSkill Workshop,0,0,0,0
355,10001743,Admission Fee,WonderSkill Workshop,0,0,0,0
356,10002083,Admission Fee,WonderSkill Workshop,0,0,0,0
357,10001483,Admission Fee,WonderSkill Workshop,0,0,0,0
358,10002089,Admission Fee,WonderSkill Workshop,0,0,0,0
359,10003070,Admission Fee,WonderSkill Workshop,0,0,0,0
360,10001468,Admission Fee,WonderSkill Workshop,0,0,0,0
361,10001571,Admission Fee,WonderSkill Workshop,1000,0,1000,0
362,10001624,Admission Fee,WonderSkill Workshop,0,0,0,0
363,10001729,Admission Fee,WonderSkill Workshop,0,0,0,0
364,10001526,Admission Fee,WonderSkill Workshop,1000,0,1000,0
365,10001470,Admission Fee,WonderSkill Workshop,0,0,0,0
366,10001511,Admission Fee,WonderSkill Workshop,1000,0,1000,0
367,10001604,Admission Fee,WonderSkill Workshop,0,0,0,0
368,10003253,Admission Fee,WonderSkill Workshop,0,0,0,0
369,10002881,Admission Fee,WonderSkill Workshop,0,0,0,0
370,10002300,Admission Fee,WonderSkill Workshop,1000,0,1000,0
371,10002646,Admission Fee,WonderSkill Workshop,1000,0,1000,0
372,10001619,Admission Fee,WonderSkill Workshop,1000,0,1000,0
373,10002632,Admission Fee,WonderSkill Workshop,0,0,0,0
374,10001602,Admission Fee,WonderSkill Workshop,0,0,0,0
375,10002110,Admission Fee,WonderSkill Workshop,0,0,0,0
376,10001934,Admission Fee,WonderSkill Workshop,0,0,0,0
377,10001594,Admission Fee,WonderSkill Workshop,0,0,0,0
378,10001766,Admission Fee,WonderSkill Workshop,1000,0,1000,0
379,10001631,Admission Fee,WonderSkill Workshop,0,0,0,0
380,10001891,Admission Fee,WonderSkill Workshop,1000,0,1000,0
381,10001465,Admission Fee,WonderSkill Workshop,1000,0,1000,0
382,10002058,Admission Fee,WonderSkill Workshop,0,0,0,0
383,10002082,Admission Fee,WonderSkill Workshop,2000,0,2000,0
384,10003172,Admission Fee,WonderSkill Workshop,1000,0,1000,0
385,10002908,Admission Fee,WonderSkill Workshop,0,0,0,0
386,10001948,Admission Fee,WonderSkill Workshop,1000,0,1000,0
387,10001316,Admission Fee,WonderSkill Workshop,0,0,0,0
388,10002100,Admission Fee,WonderSkill Workshop,1000,0,1000,0
389,10001873,Admission Fee,WonderSkill Workshop,1000,0,1000,0
390,10001641,Admission Fee,WonderSkill Workshop,1000,0,1000,0
391,10001837,Admission Fee,WonderSkill Workshop,1000,0,1000,0
392,10001800,Admission Fee,WonderSkill Workshop,1000,0,1000,0
393,10001701,Admission Fee,WonderSkill Workshop,1000,0,1000,0
394,10001693,Admission Fee,WonderSkill Workshop,1000,0,1000,0
395,10001696,Admission Fee,WonderSkill Workshop,1000,0,1000,0
396,10001703,Admission Fee,WonderSkill Workshop,1000,0,1000,0
397,10001632,Admission Fee,WonderSkill Workshop,1000,0,1000,0
398,10003151,Admission Fee,WonderSkill Workshop,1000,0,0,1000
399,10003137,Admission Fee,WonderSkill Workshop,1000,0,1000,0
400,10001792,Admission Fee,WonderSkill Workshop,1000,0,1000,0
401,10002915,Admission Fee,WonderSkill Workshop,1000,0,0,1000
402,10001637,Admission Fee,WonderSkill Workshop,1000,0,1000,0
403,10002345,Admission Fee,WonderSkill Workshop,1000,0,1000,0
404,10001584,Admission Fee,WonderSkill Workshop,1000,0,1000,0
405,10001790,Admission Fee,WonderSkill Workshop,1000,0,1000,0
406,10001638,Admission Fee,WonderSkill Workshop,1000,0,1000,0
407,10001639,Admission Fee,WonderSkill Workshop,1000,0,1000,0
408,10001628,Admission Fee,WonderSkill Workshop,1000,0,1000,0
409,10002099,Admission Fee,WonderSkill Workshop,1000,0,1000,0
410,10002064,Admission Fee,WonderSkill Workshop,1000,0,1000,0
411,10002053,Admission Fee,WonderSkill Workshop,1000,0,1000,0
412,10002682,Admission Fee,WonderSkill Workshop,1000,0,1000,0
413,10002316,Admission Fee,WonderSkill Workshop,1000,0,1000,0
414,10001640,Admission Fee,WonderSkill Workshop,1000,0,1000,0
415,10001754,Admission Fee,WonderSkill Workshop,1000,0,1000,0
416,10002341,Admission Fee,WonderSkill Workshop,1000,0,1000,0
417,10002322,Admission Fee,WonderSkill Workshop,1000,0,1000,0
418,10001651,Admission Fee,WonderSkill Workshop,1000,0,1000,0
419,10002272,Admission Fee,WonderSkill Workshop,1000,0,1000,0
420,10002270,Admission Fee,WonderSkill Workshop,1000,0,1000,0
421,10002262,Admission Fee,WonderSkill Workshop,1000,0,0,1000
422,10002263,Admission Fee,WonderSkill Workshop,1000,0,1000,0
423,10002261,Admission Fee,WonderSkill Workshop,1000,1000,0,0
424,10002378,Admission Fee,WonderSkill Workshop,1000,0,1000,0
425,10002854,Admission Fee,WonderSkill Workshop,1000,0,1000,0
426,10002773,Admission Fee,WonderSkill Workshop,1000,0,1000,0
427,10002766,Admission Fee,WonderSkill Workshop,1000,0,1000,0
428,10002308,Admission Fee,WonderSkill Workshop,1000,0,1000,0
429,10002325,Admission Fee,WonderSkill Workshop,1000,0,1000,0
430,10002304,Admission Fee,WonderSkill Workshop,1000,0,1000,0
431,10002256,Admission Fee,WonderSkill Workshop,1000,0,1000,0
432,10002303,Admission Fee,WonderSkill Workshop,1000,0,0,1000
433,10002301,Admission Fee,WonderSkill Workshop,1000,1000,0,0
434,10002299,Admission Fee,WonderSkill Workshop,1000,0,0,1000
435,10002288,Admission Fee,WonderSkill Workshop,1000,0,1000,0
436,10002284,Admission Fee,WonderSkill Workshop,1000,0,0,1000
437,10002283,Admission Fee,WonderSkill Workshop,1000,0,1000,0
438,10002279,Admission Fee,WonderSkill Workshop,1000,0,1000,0
439,10002618,Admission Fee,WonderSkill Workshop,1000,0,1000,0
440,10002277,Admission Fee,WonderSkill Workshop,1000,0,1000,0
441,10002268,Admission Fee,WonderSkill Workshop,1000,0,1000,0
442,10001623,Admission Fee,WonderSkill Workshop,1000,0,1000,0
443,10002124,Admission Fee,WonderSkill Workshop,1000,1000,0,0
444,10001627,Admission Fee,WonderSkill Workshop,1000,0,1000,0
445,10002859,Admission Fee,WonderSkill Workshop,1000,1000,0,0
446,10002777,Admission Fee,WonderSkill Workshop,1000,0,1000,0
447,10001646,Admission Fee,WonderSkill Workshop,1000,1000,0,0
448,10002444,Admission Fee,WonderSkill Workshop,1000,0,1000,0
449,10001967,Admission Fee,WonderSkill Workshop,1000,0,1000,0
450,10001774,Admission Fee,WonderSkill Workshop,1000,0,1000,0
451,10002181,Admission Fee,WonderSkill Workshop,1000,0,1000,0
452,10002343,Admission Fee,WonderSkill Workshop,1000,0,1000,0
453,10001692,Admission Fee,WonderSkill Workshop,1000,0,1000,0
454,10001834,Admission Fee,WonderSkill Workshop,1000,0,1000,0
455,10003293,Admission Fee,WonderSkill Workshop,1000,0,1000,0
456,10003278,Admission Fee,WonderSkill Workshop,1000,0,1000,0
457,10003249,Admission Fee,WonderSkill Workshop,1000,0,1000,0
458,10003274,Admission Fee,WonderSkill Workshop,1000,0,1000,0
459,10003261,Admission Fee,WonderSkill Workshop,1000,0,1000,0
460,10001654,Admission Fee,WonderSkill Workshop,1000,0,1000,0
461,10003209,Admission Fee,WonderSkill Workshop,1000,0,1000,0
462,10003146,Admission Fee,WonderSkill Workshop,1000,0,1000,0
463,10001645,Admission Fee,WonderSkill Workshop,1000,0,1000,0
464,10002963,Admission Fee,WonderSkill Workshop,1000,0,1000,0
465,10001746,Admission Fee,WonderSkill Workshop,1000,0,1000,0
466,10002801,Admission Fee,WonderSkill Workshop,1000,0,1000,0
467,10002174,Admission Fee,WonderSkill Workshop,1000,0,1000,0
468,10002477,Admission Fee,WonderSkill Workshop,1000,0,1000,0
469,10002200,Admission Fee,WonderSkill Workshop,1000,0,1000,0
470,10002314,Admission Fee,WonderSkill Workshop,1000,0,1000,0
471,10003254,Admission Fee,WonderSkill Workshop,1000,0,1000,0
472,10003159,Admission Fee,WonderSkill Workshop,1000,0,1000,0
473,10003084,Admission Fee,WonderSkill Workshop,1000,0,1000,0
474,10002925,Admission Fee,WonderSkill Workshop,1000,0,1000,0
475,10002066,Admission Fee,WonderSkill Workshop,1000,0,1000,0
476,10002172,Admission Fee,WonderSkill Workshop,1000,0,1000,0
477,10002140,Admission Fee,WonderSkill Workshop,1000,0,1000,0
478,10002107,Admission Fee,WonderSkill Workshop,1000,0,1000,0
479,10002074,Admission Fee,WonderSkill Workshop,1000,0,1000,0
480,10001809,Admission Fee,WonderSkill Workshop,1000,0,1000,0
481,10001842,Admission Fee,WonderSkill Workshop,1000,0,1000,0
482,10001626,Admission Fee,WonderSkill Workshop,1000,0,1000,0
483,10003280,Admission Fee,WonderSkill Workshop,1000,0,1000,0
484,10003086,Admission Fee,WonderSkill Workshop,1000,0,1000,0
485,10002971,Admission Fee,WonderSkill Workshop,1000,0,1000,0
486,10002890,Admission Fee,WonderSkill Workshop,1000,0,1000,0
487,10002317,Admission Fee,WonderSkill Workshop,1000,0,1000,0
488,10001695,Admission Fee,WonderSkill Workshop,1000,0,0,1000
489,10001633,Admission Fee,WonderSkill Workshop,1000,0,1000,0
490,10002459,Admission Fee,WonderSkill Workshop,1000,0,1000,0
491,10001612,Admission Fee,WonderSkill Workshop,1000,0,1000,0
492,10001719,Admission Fee,WonderSkill Workshop,1000,0,1000,0
493,10002092,Admission Fee,WonderSkill Workshop,1000,0,1000,0
494,10002080,Admission Fee,WonderSkill Workshop,1000,0,1000,0
495,10002051,Admission Fee,WonderSkill Workshop,1000,0,1000,0
496,10001813,Admission Fee,WonderSkill Workshop,1000,0,1000,0
497,10002079,Admission Fee,WonderSkill Workshop,1000,0,1000,0
498,10002193,Admission Fee,WonderSkill Workshop,1000,0,1000,0
499,10001893,Admission Fee,WonderSkill Workshop,1000,0,1000,0
500,10002313,Admission Fee,WonderSkill Workshop,1000,0,1000,0
501,10001736,Admission Fee,WonderSkill Workshop,1000,0,1000,0
502,10001652,Admission Fee,WonderSkill Workshop,1000,0,1000,0
503,10002323,Admission Fee,WonderSkill Workshop,1000,0,1000,0
504,10001798,Admission Fee,WonderSkill Workshop,1000,0,1000,0
505,10002319,Admission Fee,WonderSkill Workshop,1000,0,1000,0
506,10001982,Admission Fee,WonderSkill Workshop,1000,0,1000,0
507,10001956,Admission Fee,WonderSkill Workshop,1000,0,1000,0
508,10001826,Admission Fee,WonderSkill Workshop,1000,0,1000,0
509,10002037,Admission Fee,WonderSkill Workshop,1000,0,1000,0
510,10001987,Admission Fee,WonderSkill Workshop,1000,0,1000,0
511,10002006,Admission Fee,WonderSkill Workshop,1000,0,1000,0
512,10001835,Admission Fee,WonderSkill Workshop,1000,0,1000,0
513,10003304,Admission Fee,WonderSkill Workshop,1000,0,0,1000
514,10002842,Admission Fee,WonderSkill Workshop,1000,0,1000,0
515,10002382,Admission Fee,WonderSkill Workshop,1000,0,1000,0
516,10001951,Admission Fee,WonderSkill Workshop,1000,0,1000,0
517,10002278,Admission Fee,WonderSkill Workshop,1000,0,1000,0
518,10002112,Admission Fee,WonderSkill Workshop,1000,0,1000,0
519,10002198,Admission Fee,WonderSkill Workshop,1000,0,1000,0
520,10002455,Admission Fee,WonderSkill Workshop,1000,0,1000,0
521,10001959,Admission Fee,WonderSkill Workshop,1000,0,1000,0
522,10002705,Admission Fee,WonderSkill Workshop,1000,0,1000,0
523,10002023,Admission Fee,WonderSkill Workshop,1000,0,1000,0
524,10001925,Admission Fee,WonderSkill Workshop,1000,0,1000,0
525,10002151,Admission Fee,WonderSkill Workshop,1000,0,1000,0
526,10001824,Admission Fee,WonderSkill Workshop,1000,0,1000,0
527,10002306,Admission Fee,WonderSkill Workshop,1000,0,1000,0
528,10002044,Admission Fee,WonderSkill Workshop,1000,0,1000,0
529,10001924,Admission Fee,WonderSkill Workshop,1000,0,1000,0
530,10002062,Admission Fee,WonderSkill Workshop,1000,0,1000,0
531,10002653,Admission Fee,WonderSkill Workshop,1000,0,1000,0
532,10002061,Admission Fee,WonderSkill Workshop,1000,0,1000,0
533,10002926,Admission Fee,WonderSkill Workshop,1000,0,1000,0
534,10002490,Admission Fee,WonderSkill Workshop,1000,0,1000,0
535,10002440,Admission Fee,WonderSkill Workshop,1000,0,1000,0
536,10001968,Admission Fee,WonderSkill Workshop,1000,0,1000,0
537,10001917,Admission Fee,WonderSkill Workshop,1000,0,1000,0
538,10002496,Admission Fee,WonderSkill Workshop,1000,0,1000,0
539,10002498,Admission Fee,WonderSkill Workshop,1000,0,1000,0
540,10002499,Admission Fee,WonderSkill Workshop,1000,0,0,1000
541,10002497,Admission Fee,WonderSkill Workshop,1000,0,1000,0
542,10002519,Admission Fee,WonderSkill Workshop,1000,0,1000,0
543,10003266,Admission Fee,WonderSkill Workshop,1000,0,1000,0
544,10003245,Admission Fee,WonderSkill Workshop,1000,0,1000,0
545,10003264,Admission Fee,WonderSkill Workshop,1000,0,1000,0
546,10003103,Admission Fee,WonderSkill Workshop,1000,0,1000,0
547,10003104,Admission Fee,WonderSkill Workshop,1000,0,1000,0
548,10001928,Admission Fee,WonderSkill Workshop,1000,0,1000,0
549,10002373,Admission Fee,WonderSkill Workshop,1000,0,1000,0
550,10002001,Admission Fee,WonderSkill Workshop,1000,0,1000,0
551,10002804,Admission Fee,WonderSkill Workshop,1000,0,1000,0
552,10002732,Admission Fee,WonderSkill Workshop,1000,0,1000,0
553,10002500,Admission Fee,WonderSkill Workshop,1000,0,0,1000
554,10002520,Admission Fee,WonderSkill Workshop,1000,0,1000,0
555,10002514,Admission Fee,WonderSkill Workshop,1000,0,1000,0
556,10002504,Admission Fee,WonderSkill Workshop,1000,0,0,1000
557,10002502,Admission Fee,WonderSkill Workshop,1000,0,1000,0
558,10002516,Admission Fee,WonderSkill Workshop,1000,0,1000,0
559,10002522,Admission Fee,WonderSkill Workshop,1000,0,1000,0
560,10002513,Admission Fee,WonderSkill Workshop,1000,0,1000,0
561,10001991,Admission Fee,WonderSkill Workshop,1000,0,1000,0
562,10001995,Admission Fee,WonderSkill Workshop,1000,0,1000,0
563,10003049,Admission Fee,WonderSkill Workshop,1000,0,1000,0
564,10002446,Admission Fee,WonderSkill Workshop,1000,0,1000,0
565,10001845,Admission Fee,WonderSkill Workshop,1000,0,1000,0
566,10001807,Admission Fee,WonderSkill Workshop,1000,0,1000,0
567,10001805,Admission Fee,WonderSkill Workshop,1000,0,1000,0
568,10002307,Admission Fee,WonderSkill Workshop,1000,0,1000,0
569,10002027,Admission Fee,WonderSkill Workshop,1000,0,1000,0
570,10002292,Admission Fee,WonderSkill Workshop,1000,0,1000,0
571,10001828,Admission Fee,WonderSkill Workshop,1000,0,1000,0
572,10001825,Admission Fee,WonderSkill Workshop,1000,0,1000,0
573,10002187,Admission Fee,WonderSkill Workshop,1000,0,1000,0
574,10002091,Admission Fee,WonderSkill Workshop,1000,0,1000,0
575,10002509,Admission Fee,WonderSkill Workshop,1000,0,1000,0
576,10002291,Admission Fee,WonderSkill Workshop,1000,0,1000,0
577,10002305,Admission Fee,WonderSkill Workshop,1000,0,1000,0
578,10003080,Admission Fee,WonderSkill Workshop,1000,0,1000,0
579,10003068,Admission Fee,WonderSkill Workshop,1000,0,1000,0
580,10002984,Admission Fee,WonderSkill Workshop,1000,0,1000,0
581,10002837,Admission Fee,WonderSkill Workshop,0,0,0,0
582,10002764,Admission Fee,WonderSkill Workshop,1000,0,1000,0
583,10002213,Admission Fee,WonderSkill Workshop,1000,0,1000,0
584,10002554,Admission Fee,WonderSkill Workshop,1000,0,1000,0
585,10002454,Admission Fee,WonderSkill Workshop,1000,0,1000,0
586,10002501,Admission Fee,WonderSkill Workshop,1000,0,1000,0
587,10002507,Admission Fee,WonderSkill Workshop,1000,0,1000,0
588,10002706,Admission Fee,WonderSkill Workshop,1000,0,1000,0
589,10001816,Admission Fee,WonderSkill Workshop,1000,0,1000,0
590,10001831,Admission Fee,WonderSkill Workshop,1000,0,1000,0
591,10001833,Admission Fee,WonderSkill Workshop,1000,0,1000,0
592,10001871,Admission Fee,WonderSkill Workshop,1000,0,1000,0
593,10002031,Admission Fee,WonderSkill Workshop,1000,0,1000,0
594,10001814,Admission Fee,WonderSkill Workshop,1000,0,1000,0
595,10001899,Admission Fee,WonderSkill Workshop,1000,0,1000,0
596,10002117,Admission Fee,WonderSkill Workshop,1000,0,1000,0
597,10002048,Admission Fee,WonderSkill Workshop,1000,0,1000,0
598,10002439,Admission Fee,WonderSkill Workshop,1000,0,1000,0
599,10002297,Admission Fee,WonderSkill Workshop,1000,0,1000,0
600,10001872,Admission Fee,WonderSkill Workshop,1000,0,1000,0
601,10002466,Admission Fee,WonderSkill Workshop,1000,0,1000,0
602,10002619,Admission Fee,WonderSkill Workshop,1000,0,1000,0
603,10002033,Admission Fee,WonderSkill Workshop,1000,0,1000,0
604,10001900,Admission Fee,WonderSkill Workshop,1000,0,1000,0
605,10001902,Admission Fee,WonderSkill Workshop,1000,0,1000,0
606,10002040,Admission Fee,WonderSkill Workshop,1000,0,1000,0
607,10002512,Admission Fee,WonderSkill Workshop,1000,0,1000,0
608,10002460,Admission Fee,WonderSkill Workshop,1000,0,1000,0
609,10002453,Admission Fee,WonderSkill Workshop,1000,0,1000,0
610,10002068,Admission Fee,WonderSkill Workshop,1000,0,1000,0
611,10001811,Admission Fee,WonderSkill Workshop,1000,0,0,1000
612,10002069,Admission Fee,WonderSkill Workshop,1000,0,1000,0
613,10001789,Admission Fee,WonderSkill Workshop,1000,0,1000,0
614,10002090,Admission Fee,WonderSkill Workshop,1000,0,1000,0
615,10001680,Admission Fee,WonderSkill Workshop,1000,0,1000,0
616,10002515,Admission Fee,WonderSkill Workshop,1000,0,1000,0
617,10002649,Admission Fee,WonderSkill Workshop,1000,0,1000,0
618,10002505,Admission Fee,WonderSkill Workshop,1000,0,1000,0
619,10002038,Admission Fee,WonderSkill Workshop,1000,0,1000,0
620,10002290,Admission Fee,WonderSkill Workshop,1000,0,1000,0
621,10001929,Admission Fee,WonderSkill Workshop,1000,0,1000,0
622,10002271,Admission Fee,WonderSkill Workshop,1000,0,1000,0
623,10002119,Admission Fee,WonderSkill Workshop,1000,0,1000,0
624,10001896,Admission Fee,WonderSkill Workshop,1000,0,1000,0
625,10002873,Admission Fee,WonderSkill Workshop,1000,0,1000,0
626,10002874,Admission Fee,WonderSkill Workshop,1000,0,1000,0
627,10002470,Admission Fee,WonderSkill Workshop,1000,0,1000,0
628,10002144,Admission Fee,WonderSkill Workshop,1000,0,1000,0
629,10002212,Admission Fee,WonderSkill Workshop,0,0,0,0
630,10001961,Admission Fee,WonderSkill Workshop,0,0,0,0
631,10002328,Admission Fee,WonderSkill Workshop,0,0,0,0
632,10002395,Admission Fee,WonderSkill Workshop,0,0,0,0
633,10002221,Admission Fee,WonderSkill Workshop,0,0,0,0
634,10002042,Admission Fee,WonderSkill Workshop,0,0,0,0
635,10002049,Admission Fee,WonderSkill Workshop,0,0,0,0
636,10003239,Admission Fee,WonderSkill Workshop,0,0,0,0
637,10003219,Admission Fee,WonderSkill Workshop,0,0,0,0
638,10003174,Admission Fee,WonderSkill Workshop,0,0,0,0
639,10002447,Admission Fee,WonderSkill Workshop,0,0,0,0
640,10003019,Admission Fee,WonderSkill Workshop,0,0,0,0
641,10002911,Admission Fee,WonderSkill Workshop,0,0,0,0
642,10002855,Admission Fee,WonderSkill Workshop,0,0,0,0
643,10002648,Admission Fee,WonderSkill Workshop,0,0,0,0
644,10002329,Admission Fee,WonderSkill Workshop,0,0,0,0
645,10002451,Admission Fee,WonderSkill Workshop,0,0,0,0
646,10002448,Admission Fee,WonderSkill Workshop,0,0,0,0
647,10003027,Admission Fee,WonderSkill Workshop,0,0,0,0
648,10002043,Admission Fee,WonderSkill Workshop,0,0,0,0
649,10001880,Admission Fee,WonderSkill Workshop,0,0,0,0
650,10001994,Admission Fee,WonderSkill Workshop,0,0,0,0
651,10002122,Admission Fee,WonderSkill Workshop,0,0,0,0
652,10002013,Admission Fee,WonderSkill Workshop,0,0,0,0
653,10002289,Admission Fee,WonderSkill Workshop,0,0,0,0
654,10002034,Admission Fee,WonderSkill Workshop,0,0,0,0
655,10002353,Admission Fee,WonderSkill Workshop,0,0,0,0
656,10003069,Admission Fee,WonderSkill Workshop,0,0,0,0
657,10003061,Admission Fee,WonderSkill Workshop,0,0,0,0
658,10002966,Admission Fee,WonderSkill Workshop,0,0,0,0
659,10002254,Admission Fee,WonderSkill Workshop,0,0,0,0
660,10002232,Admission Fee,WonderSkill Workshop,0,0,0,0
661,10002021,Admission Fee,WonderSkill Workshop,0,0,0,0
662,10002052,Admission Fee,WonderSkill Workshop,0,0,0,0
663,10002022,Admission Fee,WonderSkill Workshop,0,0,0,0
664,10002018,Admission Fee,WonderSkill Workshop,0,0,0,0
665,10002017,Admission Fee,WonderSkill Workshop,0,0,0,0
666,10002243,Admission Fee,WonderSkill Workshop,0,0,0,0
667,10002041,Admission Fee,WonderSkill Workshop,0,0,0,0
668,10002072,Admission Fee,WonderSkill Workshop,0,0,0,0
669,10003229,Admission Fee,WonderSkill Workshop,0,0,0,0
670,10003215,Admission Fee,WonderSkill Workshop,0,0,0,0
671,10003155,Admission Fee,WonderSkill Workshop,0,0,0,0
672,10003147,Admission Fee,WonderSkill Workshop,0,0,0,0
673,10003059,Admission Fee,WonderSkill Workshop,0,0,0,0
674,10003028,Admission Fee,WonderSkill Workshop,0,0,0,0
675,10002830,Admission Fee,WonderSkill Workshop,0,0,0,0
676,10002607,Admission Fee,WonderSkill Workshop,0,0,0,0
677,10002823,Admission Fee,WonderSkill Workshop,0,0,0,0
678,10002469,Admission Fee,WonderSkill Workshop,0,0,0,0
679,10002468,Admission Fee,WonderSkill Workshop,0,0,0,0
680,10001819,Admission Fee,WonderSkill Workshop,0,0,0,0
681,10002696,Admission Fee,WonderSkill Workshop,0,0,0,0
682,10002241,Admission Fee,WonderSkill Workshop,0,0,0,0
683,10002203,Admission Fee,WonderSkill Workshop,0,0,0,0
684,10002024,Admission Fee,WonderSkill Workshop,0,0,0,0
685,10002019,Admission Fee,WonderSkill Workshop,0,0,0,0
686,10002045,Admission Fee,WonderSkill Workshop,0,0,0,0
687,10002121,Admission Fee,WonderSkill Workshop,0,0,0,0
688,10002055,Admission Fee,WonderSkill Workshop,0,0,0,0
689,10003037,Admission Fee,WonderSkill Workshop,0,0,0,0
690,10002602,Admission Fee,WonderSkill Workshop,0,0,0,0
691,10002450,Admission Fee,WonderSkill Workshop,0,0,0,0
692,10002046,Admission Fee,WonderSkill Workshop,0,0,0,0
693,10001996,Admission Fee,WonderSkill Workshop,0,0,0,0
694,10002173,Admission Fee,WonderSkill Workshop,0,0,0,0
695,10002230,Admission Fee,WonderSkill Workshop,0,0,0,0
696,10002030,Admission Fee,WonderSkill Workshop,0,0,0,0
697,10002012,Admission Fee,WonderSkill Workshop,0,0,0,0
698,10002011,Admission Fee,WonderSkill Workshop,0,0,0,0
699,10002076,Admission Fee,WonderSkill Workshop,0,0,0,0
700,10002025,Admission Fee,WonderSkill Workshop,0,0,0,0
701,10002465,Admission Fee,WonderSkill Workshop,0,0,0,0
702,10003234,Admission Fee,WonderSkill Workshop,0,0,0,0
703,10003162,Admission Fee,WonderSkill Workshop,0,0,0,0
704,10001992,Admission Fee,WonderSkill Workshop,0,0,0,0
705,10002834,Admission Fee,WonderSkill Workshop,0,0,0,0
706,10002865,Admission Fee,WonderSkill Workshop,0,0,0,0
707,10002541,Admission Fee,WonderSkill Workshop,0,0,0,0
708,10002077,Admission Fee,WonderSkill Workshop,0,0,0,0
709,10002558,Admission Fee,WonderSkill Workshop,0,0,0,0
710,10002461,Admission Fee,WonderSkill Workshop,0,0,0,0
711,10002253,Admission Fee,WonderSkill Workshop,0,0,0,0
712,10002007,Admission Fee,WonderSkill Workshop,0,0,0,0
713,10002010,Admission Fee,WonderSkill Workshop,0,0,0,0
714,10002118,Admission Fee,WonderSkill Workshop,0,0,0,0
715,10002120,Admission Fee,WonderSkill Workshop,0,0,0,0
716,10002016,Admission Fee,WonderSkill Workshop,0,0,0,0
717,10002220,Admission Fee,WonderSkill Workshop,0,0,0,0
718,10002714,Admission Fee,WonderSkill Workshop,0,0,0,0
719,10002224,Admission Fee,WonderSkill Workshop,0,0,0,0
720,10002332,Admission Fee,WonderSkill Workshop,0,0,0,0
721,10002028,Admission Fee,WonderSkill Workshop,0,0,0,0
722,10002059,Admission Fee,WonderSkill Workshop,0,0,0,0
723,10002634,Admission Fee,WonderSkill Workshop,0,0,0,0
724,10002463,Admission Fee,WonderSkill Workshop,0,0,0,0
725,10002710,Admission Fee,WonderSkill Workshop,0,0,0,0
726,10002670,Admission Fee,WonderSkill Workshop,0,0,0,0
727,10002664,Admission Fee,WonderSkill Workshop,0,0,0,0
728,10002663,Admission Fee,WonderSkill Workshop,0,0,0,0
729,10002662,Admission Fee,WonderSkill Workshop,0,0,0,0
730,10002661,Admission Fee,WonderSkill Workshop,0,0,0,0
731,10002660,Admission Fee,WonderSkill Workshop,0,0,0,0
732,10002659,Admission Fee,WonderSkill Workshop,0,0,0,0
733,10003257,Admission Fee,WonderSkill Workshop,0,0,0,0
734,10003260,Admission Fee,WonderSkill Workshop,0,0,0,0
735,10003168,Admission Fee,WonderSkill Workshop,0,0,0,0
736,10003152,Admission Fee,WonderSkill Workshop,0,0,0,0
737,10003074,Admission Fee,WonderSkill Workshop,0,0,0,0
738,10002725,Admission Fee,WonderSkill Workshop,0,0,0,0
739,10002701,Admission Fee,WonderSkill Workshop,0,0,0,0
740,10002698,Admission Fee,WonderSkill Workshop,0,0,0,0
741,10002693,Admission Fee,WonderSkill Workshop,0,0,0,0
742,10002690,Admission Fee,WonderSkill Workshop,0,0,0,0
743,10002692,Admission Fee,WonderSkill Workshop,0,0,0,0
744,10002687,Admission Fee,WonderSkill Workshop,0,0,0,0
745,10002686,Admission Fee,WonderSkill Workshop,0,0,0,0
746,10002680,Admission Fee,WonderSkill Workshop,0,0,0,0
747,10002679,Admission Fee,WonderSkill Workshop,0,0,0,0
748,10002678,Admission Fee,WonderSkill Workshop,0,0,0,0
749,10002657,Admission Fee,WonderSkill Workshop,0,0,0,0
750,10002130,Admission Fee,WonderSkill Workshop,0,0,0,0
751,10002488,Admission Fee,WonderSkill Workshop,0,0,0,0
752,10002071,Admission Fee,WonderSkill Workshop,0,0,0,0
753,10002156,Admission Fee,WonderSkill Workshop,0,0,0,0
754,10002482,Admission Fee,WonderSkill Workshop,0,0,0,0
755,10002438,Admission Fee,WonderSkill Workshop,0,0,0,0
756,10002431,Admission Fee,WonderSkill Workshop,0,0,0,0
757,10002654,Admission Fee,WonderSkill Workshop,0,0,0,0
758,10002643,Admission Fee,WonderSkill Workshop,0,0,0,0
759,10002608,Admission Fee,WonderSkill Workshop,0,0,0,0
760,10003255,Admission Fee,WonderSkill Workshop,0,0,0,0
761,10002845,Admission Fee,WonderSkill Workshop,0,0,0,0
762,10003105,Admission Fee,WonderSkill Workshop,0,0,0,0
763,10002964,Admission Fee,WonderSkill Workshop,0,0,0,0
764,10002467,Admission Fee,WonderSkill Workshop,0,0,0,0
765,10002923,Admission Fee,WonderSkill Workshop,0,0,0,0
766,10002815,Admission Fee,WonderSkill Workshop,0,0,0,0
767,10002767,Admission Fee,WonderSkill Workshop,0,0,0,0
768,10002761,Admission Fee,WonderSkill Workshop,0,0,0,0
769,10002573,Admission Fee,WonderSkill Workshop,0,0,0,0
770,10002445,Admission Fee,WonderSkill Workshop,0,0,0,0
771,10002413,Admission Fee,WonderSkill Workshop,0,0,0,0
772,10002616,Admission Fee,WonderSkill Workshop,0,0,0,0
773,10002557,Admission Fee,WonderSkill Workshop,0,0,0,0
774,10002481,Admission Fee,WonderSkill Workshop,0,0,0,0
775,10002435,Admission Fee,WonderSkill Workshop,0,0,0,0
776,10003000,Admission Fee,WonderSkill Workshop,0,0,0,0
777,10003041,Admission Fee,WonderSkill Workshop,0,0,0,0
778,10003025,Admission Fee,WonderSkill Workshop,0,0,0,0
779,10002999,Admission Fee,WonderSkill Workshop,0,0,0,0
780,10002998,Admission Fee,WonderSkill Workshop,0,0,0,0
781,10003102,Admission Fee,WonderSkill Workshop,0,0,0,0
782,10002384,Admission Fee,WonderSkill Workshop,0,0,0,0
783,10002237,Admission Fee,WonderSkill Workshop,0,0,0,0
784,10002392,Admission Fee,WonderSkill Workshop,0,0,0,0
785,10002275,Admission Fee,WonderSkill Workshop,0,0,0,0
786,10002245,Admission Fee,WonderSkill Workshop,0,0,0,0
787,10002235,Admission Fee,WonderSkill Workshop,0,0,0,0
788,10003117,Admission Fee,WonderSkill Workshop,0,0,0,0
789,10003046,Admission Fee,WonderSkill Workshop,0,0,0,0
790,10002904,Admission Fee,WonderSkill Workshop,0,0,0,0
791,10002832,Admission Fee,WonderSkill Workshop,0,0,0,0
792,10002350,Admission Fee,WonderSkill Workshop,0,0,0,0
793,10002861,Admission Fee,WonderSkill Workshop,0,0,0,0
794,10002824,Admission Fee,WonderSkill Workshop,0,0,0,0
795,10002768,Admission Fee,WonderSkill Workshop,0,0,0,0
796,10002762,Admission Fee,WonderSkill Workshop,0,0,0,0
797,10002408,Admission Fee,WonderSkill Workshop,0,0,0,0
798,10002429,Admission Fee,WonderSkill Workshop,0,0,0,0
799,10002600,Admission Fee,WonderSkill Workshop,0,0,0,0
800,10002380,Admission Fee,WonderSkill Workshop,0,0,0,0
801,10002396,Admission Fee,WonderSkill Workshop,0,0,0,0
802,10002249,Admission Fee,WonderSkill Workshop,0,0,0,0
803,10002347,Admission Fee,WonderSkill Workshop,0,0,0,0
804,10003005,Admission Fee,WonderSkill Workshop,0,0,0,0
805,10003003,Admission Fee,WonderSkill Workshop,0,0,0,0
806,10003002,Admission Fee,WonderSkill Workshop,0,0,0,0
807,10003001,Admission Fee,WonderSkill Workshop,0,0,0,0
808,10003022,Admission Fee,WonderSkill Workshop,0,0,0,0
809,10003021,Admission Fee,WonderSkill Workshop,0,0,0,0
810,10002238,Admission Fee,WonderSkill Workshop,0,0,0,0
811,10002601,Admission Fee,WonderSkill Workshop,0,0,0,0
812,10002390,Admission Fee,WonderSkill Workshop,0,0,0,0
813,10002225,Admission Fee,WonderSkill Workshop,0,0,0,0
814,10002310,Admission Fee,WonderSkill Workshop,0,0,0,0
815,10002255,Admission Fee,WonderSkill Workshop,0,0,0,0
816,10002610,Admission Fee,WonderSkill Workshop,0,0,0,0
817,10003153,Admission Fee,WonderSkill Workshop,0,0,0,0
818,10002365,Admission Fee,WonderSkill Workshop,0,0,0,0
819,10003047,Admission Fee,WonderSkill Workshop,0,0,0,0
820,10002876,Admission Fee,WonderSkill Workshop,0,0,0,0
821,10002840,Admission Fee,WonderSkill Workshop,0,0,0,0
822,10002242,Admission Fee,WonderSkill Workshop,0,0,0,0
823,10002434,Admission Fee,WonderSkill Workshop,0,0,0,0
824,10002724,Admission Fee,WonderSkill Workshop,0,0,0,0
825,10002702,Admission Fee,WonderSkill Workshop,0,0,0,0
826,10002412,Admission Fee,WonderSkill Workshop,0,0,0,0
827,10002404,Admission Fee,WonderSkill Workshop,0,0,0,0
828,10002779,Admission Fee,WonderSkill Workshop,0,0,0,0
829,10002418,Admission Fee,WonderSkill Workshop,0,0,0,0
830,10002406,Admission Fee,WonderSkill Workshop,0,0,0,0
831,10002219,Admission Fee,WonderSkill Workshop,0,0,0,0
832,10003004,Admission Fee,WonderSkill Workshop,0,0,0,0
833,10003020,Admission Fee,WonderSkill Workshop,0,0,0,0
834,10003015,Admission Fee,WonderSkill Workshop,0,0,0,0
835,10003013,Admission Fee,WonderSkill Workshop,0,0,0,0
836,10003011,Admission Fee,WonderSkill Workshop,0,0,0,0
837,10003085,Admission Fee,WonderSkill Workshop,0,0,0,0
838,10002333,Admission Fee,WonderSkill Workshop,0,0,0,0
839,10002229,Admission Fee,WonderSkill Workshop,0,0,0,0
840,10002226,Admission Fee,WonderSkill Workshop,0,0,0,0
841,10002351,Admission Fee,WonderSkill Workshop,0,0,0,0
842,10002246,Admission Fee,WonderSkill Workshop,0,0,0,0
843,10002240,Admission Fee,WonderSkill Workshop,0,0,0,0
844,10002227,Admission Fee,WonderSkill Workshop,0,0,0,0
845,10002912,Admission Fee,WonderSkill Workshop,0,0,0,0
846,10002843,Admission Fee,WonderSkill Workshop,0,0,0,0
847,10002244,Admission Fee,WonderSkill Workshop,0,0,0,0
848,10002828,Admission Fee,WonderSkill Workshop,0,0,0,0
849,10002248,Admission Fee,WonderSkill Workshop,0,0,0,0
850,10002839,Admission Fee,WonderSkill Workshop,0,0,0,0
851,10002760,Admission Fee,WonderSkill Workshop,0,0,0,0
852,10002421,Admission Fee,WonderSkill Workshop,0,0,0,0
853,10002611,Admission Fee,WonderSkill Workshop,0,0,0,0
854,10002417,Admission Fee,WonderSkill Workshop,0,0,0,0
855,10002359,Admission Fee,WonderSkill Workshop,0,0,0,0
856,10002348,Admission Fee,WonderSkill Workshop,0,0,0,0
857,10002228,Admission Fee,WonderSkill Workshop,0,0,0,0
858,10003007,Admission Fee,WonderSkill Workshop,0,0,0,0
859,10003042,Admission Fee,WonderSkill Workshop,0,0,0,0
860,10003040,Admission Fee,WonderSkill Workshop,0,0,0,0
861,10003024,Admission Fee,WonderSkill Workshop,0,0,0,0
862,10003012,Admission Fee,WonderSkill Workshop,0,0,0,0
863,10003010,Admission Fee,WonderSkill Workshop,0,0,0,0
864,10002727,Admission Fee,WonderSkill Workshop,0,0,0,0
865,10002424,Admission Fee,WonderSkill Workshop,0,0,0,0
866,10002726,Admission Fee,WonderSkill Workshop,0,0,0,0
867,10002665,Admission Fee,WonderSkill Workshop,0,0,0,0
868,10002407,Admission Fee,WonderSkill Workshop,0,0,0,0
869,10002403,Admission Fee,WonderSkill Workshop,0,0,0,0
870,10002400,Admission Fee,WonderSkill Workshop,0,0,0,0
871,10003305,Admission Fee,WonderSkill Workshop,0,0,0,0
872,10003220,Admission Fee,WonderSkill Workshop,0,0,0,0
873,10003207,Admission Fee,WonderSkill Workshop,0,0,0,0
874,10003017,Admission Fee,WonderSkill Workshop,0,0,0,0
875,10003016,Admission Fee,WonderSkill Workshop,0,0,0,0
876,10002983,Admission Fee,WonderSkill Workshop,0,0,0,0
877,10002399,Admission Fee,WonderSkill Workshop,0,0,0,0
878,10002691,Admission Fee,WonderSkill Workshop,0,0,0,0
879,10002583,Admission Fee,WonderSkill Workshop,0,0,0,0
880,10002588,Admission Fee,WonderSkill Workshop,0,0,0,0
881,10002587,Admission Fee,WonderSkill Workshop,0,0,0,0
882,10002598,Admission Fee,WonderSkill Workshop,0,0,0,0
883,10002596,Admission Fee,WonderSkill Workshop,0,0,0,0
884,10002563,Admission Fee,WonderSkill Workshop,0,0,0,0
885,10002483,Admission Fee,WonderSkill Workshop,0,0,0,0
886,10002730,Admission Fee,WonderSkill Workshop,0,0,0,0
887,10002411,Admission Fee,WonderSkill Workshop,0,0,0,0
888,10002427,Admission Fee,WonderSkill Workshop,0,0,0,0
889,10002437,Admission Fee,WonderSkill Workshop,0,0,0,0
890,10002433,Admission Fee,WonderSkill Workshop,0,0,0,0
891,10002734,Admission Fee,WonderSkill Workshop,0,0,0,0
892,10002731,Admission Fee,WonderSkill Workshop,0,0,0,0
893,10002426,Admission Fee,WonderSkill Workshop,0,0,0,0
894,10002480,Admission Fee,WonderSkill Workshop,0,0,0,0
895,10003156,Admission Fee,WonderSkill Workshop,0,0,0,0
896,10002415,Admission Fee,WonderSkill Workshop,0,0,0,0
897,10003055,Admission Fee,WonderSkill Workshop,0,0,0,0
898,10003039,Admission Fee,WonderSkill Workshop,0,0,0,0
899,10002992,Admission Fee,WonderSkill Workshop,0,0,0,0
900,10002976,Admission Fee,WonderSkill Workshop,0,0,0,0
901,10002980,Admission Fee,WonderSkill Workshop,0,0,0,0
902,10002729,Admission Fee,WonderSkill Workshop,0,0,0,0
903,10002656,Admission Fee,WonderSkill Workshop,0,0,0,0
904,10002640,Admission Fee,WonderSkill Workshop,0,0,0,0
905,10002593,Admission Fee,WonderSkill Workshop,0,0,0,0
906,10002591,Admission Fee,WonderSkill Workshop,0,0,0,0
907,10002386,Admission Fee,WonderSkill Workshop,0,0,0,0
908,10002381,Admission Fee,WonderSkill Workshop,0,0,0,0
909,10002398,Admission Fee,WonderSkill Workshop,0,0,0,0
910,10002473,Admission Fee,WonderSkill Workshop,0,0,0,0
911,10002416,Admission Fee,WonderSkill Workshop,0,0,0,0
912,10002844,Admission Fee,WonderSkill Workshop,0,0,0,0
913,10002838,Admission Fee,WonderSkill Workshop,0,0,0,0
914,10002833,Admission Fee,WonderSkill Workshop,0,0,0,0
915,10002942,Admission Fee,WonderSkill Workshop,0,0,0,0
916,10002829,Admission Fee,WonderSkill Workshop,0,0,0,0
917,10002813,Admission Fee,WonderSkill Workshop,0,0,0,0
918,10002799,Admission Fee,WonderSkill Workshop,0,0,0,0
919,10003288,Admission Fee,WonderSkill Workshop,0,0,0,0
920,10003202,Admission Fee,WonderSkill Workshop,0,0,0,0
921,10003098,Admission Fee,WonderSkill Workshop,0,0,0,0
922,10002794,Admission Fee,WonderSkill Workshop,0,0,0,0
923,10003073,Admission Fee,WonderSkill Workshop,0,0,0,0
924,10003064,Admission Fee,WonderSkill Workshop,0,0,0,0
925,10003052,Admission Fee,WonderSkill Workshop,0,0,0,0
926,10003034,Admission Fee,WonderSkill Workshop,0,0,0,0
927,10002994,Admission Fee,WonderSkill Workshop,0,0,0,0
928,10002982,Admission Fee,WonderSkill Workshop,0,0,0,0
929,10002975,Admission Fee,WonderSkill Workshop,0,0,0,0
930,10002960,Admission Fee,WonderSkill Workshop,0,0,0,0
931,10002959,Admission Fee,WonderSkill Workshop,0,0,0,0
932,10002251,Admission Fee,WonderSkill Workshop,0,0,0,0
933,10002781,Admission Fee,WonderSkill Workshop,0,0,0,0
934,10003227,Admission Fee,WonderSkill Workshop,0,0,0,0
935,10003182,Admission Fee,WonderSkill Workshop,0,0,0,0
936,10003231,Admission Fee,WonderSkill Workshop,0,0,0,0
937,10003184,Admission Fee,WonderSkill Workshop,0,0,0,0
938,10003232,Admission Fee,WonderSkill Workshop,0,0,0,0
939,10003206,Admission Fee,WonderSkill Workshop,0,0,0,0
940,10003177,Admission Fee,WonderSkill Workshop,0,0,0,0
941,10003246,Admission Fee,WonderSkill Workshop,0,0,0,0
942,10003250,Admission Fee,WonderSkill Workshop,0,0,0,0
943,10003189,Admission Fee,WonderSkill Workshop,0,0,0,0
944,10003226,Admission Fee,WonderSkill Workshop,0,0,0,0
945,10003265,Admission Fee,WonderSkill Workshop,0,0,0,0
946,10003198,Admission Fee,WonderSkill Workshop,0,0,0,0
947,10003181,Admission Fee,WonderSkill Workshop,0,0,0,0
948,10003186,Admission Fee,WonderSkill Workshop,0,0,0,0
949,10003180,Admission Fee,WonderSkill Workshop,0,0,0,0
950,10003225,Admission Fee,WonderSkill Workshop,0,0,0,0
951,10003197,Admission Fee,WonderSkill Workshop,0,0,0,0
952,10003203,Admission Fee,WonderSkill Workshop,0,0,0,0
953,10003183,Admission Fee,WonderSkill Workshop,0,0,0,0
954,10003233,Admission Fee,WonderSkill Workshop,0,0,0,0
955,10003191,Admission Fee,WonderSkill Workshop,0,0,0,0
956,10003252,Admission Fee,WonderSkill Workshop,0,0,0,0
957,10003188,Admission Fee,WonderSkill Workshop,0,0,0,0
958,10003178,Admission Fee,WonderSkill Workshop,0,0,0,0
959,10003179,Admission Fee,WonderSkill Workshop,0,0,0,0
960,10002644,Admission Fee,WonderSkill Workshop,0,0,0,0
961,10002638,Admission Fee,WonderSkill Workshop,0,0,0,0
962,10002641,Admission Fee,WonderSkill Workshop,0,0,0,0
963,10002577,Admission Fee,WonderSkill Workshop,0,0,0,0
964,10002579,Admission Fee,WonderSkill Workshop,0,0,0,0
965,10002585,Admission Fee,WonderSkill Workshop,0,0,0,0
966,10002578,Admission Fee,WonderSkill Workshop,0,0,0,0
967,10003282,Admission Fee,WonderSkill Workshop,0,0,0,0
968,10003195,Admission Fee,WonderSkill Workshop,0,0,0,0
969,10003192,Admission Fee,WonderSkill Workshop,0,0,0,0
970,10003190,Admission Fee,WonderSkill Workshop,0,0,0,0
971,10002704,Admission Fee,WonderSkill Workshop,0,0,0,0
972,10002580,Admission Fee,WonderSkill Workshop,0,0,0,0
973,10003167,Admission Fee,WonderSkill Workshop,0,0,0,0
974,10003166,Admission Fee,WonderSkill Workshop,0,0,0,0
975,10003134,Admission Fee,WonderSkill Workshop,0,0,0,0
976,10002821,Admission Fee,WonderSkill Workshop,0,0,0,0
977,10002836,Admission Fee,WonderSkill Workshop,0,0,0,0
978,10002817,Admission Fee,WonderSkill Workshop,0,0,0,0
979,10002806,Admission Fee,WonderSkill Workshop,0,0,0,0
980,10002796,Admission Fee,WonderSkill Workshop,0,0,0,0
981,10002784,Admission Fee,WonderSkill Workshop,0,0,0,0
982,10002581,Admission Fee,WonderSkill Workshop,0,0,0,0
983,10002752,Admission Fee,WonderSkill Workshop,0,0,0,0
984,10002745,Admission Fee,WonderSkill Workshop,0,0,0,0
985,10002743,Admission Fee,WonderSkill Workshop,0,0,0,0
986,10002741,Admission Fee,WonderSkill Workshop,0,0,0,0
987,10002739,Admission Fee,WonderSkill Workshop,0,0,0,0
988,10002738,Admission Fee,WonderSkill Workshop,0,0,0,0
989,10002737,Admission Fee,WonderSkill Workshop,0,0,0,0
990,10003277,Admission Fee,WonderSkill Workshop,0,0,0,0
991,10003258,Admission Fee,WonderSkill Workshop,0,0,0,0
992,10003222,Admission Fee,WonderSkill Workshop,0,0,0,0
993,10002736,Admission Fee,WonderSkill Workshop,0,0,0,0
994,10003148,Admission Fee,WonderSkill Workshop,0,0,0,0
995,10002826,Admission Fee,WonderSkill Workshop,0,0,0,0
996,10002825,Admission Fee,WonderSkill Workshop,0,0,0,0
997,10002811,Admission Fee,WonderSkill Workshop,0,0,0,0
998,10002798,Admission Fee,WonderSkill Workshop,0,0,0,0
999,10002793,Admission Fee,WonderSkill Workshop,0,0,0,0
1000,10002789,Admission Fee,WonderSkill Workshop,0,0,0,0
1001,10002783,Admission Fee,WonderSkill Workshop,0,0,0,0
1002,10002754,Admission Fee,WonderSkill Workshop,0,0,0,0
1003,10002753,Admission Fee,WonderSkill Workshop,0,0,0,0
1004,10002735,Admission Fee,WonderSkill Workshop,0,0,0,0
1005,10003072,Admission Fee,WonderSkill Workshop,0,0,0,0
1006,10003048,Admission Fee,WonderSkill Workshop,0,0,0,0
1007,10002898,Admission Fee,WonderSkill Workshop,0,0,0,0
1008,10002990,Admission Fee,WonderSkill Workshop,0,0,0,0
1009,10002899,Admission Fee,WonderSkill Workshop,0,0,0,0
1010,10002884,Admission Fee,WonderSkill Workshop,0,0,0,0
1011,10002820,Admission Fee,WonderSkill Workshop,0,0,0,0
1012,10003211,Admission Fee,WonderSkill Workshop,0,0,0,0
1013,10003196,Admission Fee,WonderSkill Workshop,0,0,0,0
1014,10003194,Admission Fee,WonderSkill Workshop,0,0,0,0
1015,10002878,Admission Fee,WonderSkill Workshop,0,0,0,0
1016,10003173,Admission Fee,WonderSkill Workshop,0,0,0,0
1017,10003119,Admission Fee,WonderSkill Workshop,0,0,0,0
1018,10002787,Admission Fee,WonderSkill Workshop,0,0,0,0
1019,10003114,Admission Fee,WonderSkill Workshop,0,0,0,0
1020,10003058,Admission Fee,WonderSkill Workshop,0,0,0,0
1021,10003056,Admission Fee,WonderSkill Workshop,0,0,0,0
1022,10002927,Admission Fee,WonderSkill Workshop,0,0,0,0
1023,10002853,Admission Fee,WonderSkill Workshop,0,0,0,0
1024,10003087,Admission Fee,WonderSkill Workshop,0,0,0,0
1025,10002849,Admission Fee,WonderSkill Workshop,0,0,0,0
1026,10003057,Admission Fee,WonderSkill Workshop,0,0,0,0
1027,10002995,Admission Fee,WonderSkill Workshop,0,0,0,0
1028,10003097,Admission Fee,WonderSkill Workshop,0,0,0,0
1029,10003062,Admission Fee,WonderSkill Workshop,0,0,0,0
1030,10003043,Admission Fee,WonderSkill Workshop,0,0,0,0
1031,10003306,Admission Fee,WonderSkill Workshop,0,0,0,0
1032,10003031,Admission Fee,WonderSkill Workshop,0,0,0,0
1033,10003283,Admission Fee,WonderSkill Workshop,0,0,0,0
1034,10003281,Admission Fee,WonderSkill Workshop,0,0,0,0
1035,10003175,Admission Fee,WonderSkill Workshop,0,0,0,0
1036,10003163,Admission Fee,WonderSkill Workshop,0,0,0,0
1037,10003154,Admission Fee,WonderSkill Workshop,0,0,0,0
1038,10003140,Admission Fee,WonderSkill Workshop,0,0,0,0
1039,10003136,Admission Fee,WonderSkill Workshop,0,0,0,0
1040,10002882,Admission Fee,WonderSkill Workshop,0,0,0,0
1041,10003090,Admission Fee,WonderSkill Workshop,0,0,0,0
1042,10003026,Admission Fee,WonderSkill Workshop,0,0,0,0
1043,10002988,Admission Fee,WonderSkill Workshop,0,0,0,0
1044,10002877,Admission Fee,WonderSkill Workshop,0,0,0,0
1045,10002875,Admission Fee,WonderSkill Workshop,0,0,0,0
1046,10002871,Admission Fee,WonderSkill Workshop,0,0,0,0
1047,10002856,Admission Fee,WonderSkill Workshop,0,0,0,0
1048,10002852,Admission Fee,WonderSkill Workshop,0,0,0,0
1049,10002847,Admission Fee,WonderSkill Workshop,0,0,0,0
1050,10002822,Admission Fee,WonderSkill Workshop,0,0,0,0
1051,10003292,Admission Fee,WonderSkill Workshop,0,0,0,0
1052,10003263,Admission Fee,WonderSkill Workshop,0,0,0,0
1053,10002819,Admission Fee,WonderSkill Workshop,0,0,0,0
1054,10003237,Admission Fee,WonderSkill Workshop,0,0,0,0
1055,10002987,Admission Fee,WonderSkill Workshop,0,0,0,0
1056,10002981,Admission Fee,WonderSkill Workshop,0,0,0,0
1057,10002956,Admission Fee,WonderSkill Workshop,0,0,0,0
1058,10002944,Admission Fee,WonderSkill Workshop,0,0,0,0
1059,10002900,Admission Fee,WonderSkill Workshop,0,0,0,0
1060,10002791,Admission Fee,WonderSkill Workshop,0,0,0,0
1061,10002746,Admission Fee,WonderSkill Workshop,0,0,0,0
1062,10002892,Admission Fee,WonderSkill Workshop,0,0,0,0
1063,10002889,Admission Fee,WonderSkill Workshop,0,0,0,0
1064,10002818,Admission Fee,WonderSkill Workshop,0,0,0,0
1065,10002757,Admission Fee,WonderSkill Workshop,0,0,0,0
1066,10002756,Admission Fee,WonderSkill Workshop,0,0,0,0
1067,10002748,Admission Fee,WonderSkill Workshop,0,0,0,0
1068,10002747,Admission Fee,WonderSkill Workshop,0,0,0,0
1069,10002744,Admission Fee,WonderSkill Workshop,0,0,0,0
1070,10002742,Admission Fee,WonderSkill Workshop,0,0,0,0
1071,10002848,Admission Fee,WonderSkill Workshop,0,0,0,0
1072,10002740,Admission Fee,WonderSkill Workshop,0,0,0,0
1073,10002808,Admission Fee,WonderSkill Workshop,0,0,0,0
1074,10002957,Admission Fee,WonderSkill Workshop,0,0,0,0
1075,10002955,Admission Fee,WonderSkill Workshop,0,0,0,0
1076,10002949,Admission Fee,WonderSkill Workshop,0,0,0,0
1077,10002945,Admission Fee,WonderSkill Workshop,0,0,0,0
1078,10002812,Admission Fee,WonderSkill Workshop,0,0,0,0
1079,10002810,Admission Fee,WonderSkill Workshop,0,0,0,0
1080,10002809,Admission Fee,WonderSkill Workshop,0,0,0,0
1081,10002797,Admission Fee,WonderSkill Workshop,0,0,0,0
1082,10002795,Admission Fee,WonderSkill Workshop,0,0,0,0
1083,10002786,Admission Fee,WonderSkill Workshop,0,0,0,0
1084,10002802,Admission Fee,WonderSkill Workshop,0,0,0,0
1085,10003093,Admission Fee,WonderSkill Workshop,0,0,0,0
1086,10003054,Admission Fee,WonderSkill Workshop,0,0,0,0
1087,10002978,Admission Fee,WonderSkill Workshop,0,0,0,0
1088,10002977,Admission Fee,WonderSkill Workshop,0,0,0,0
1089,10002954,Admission Fee,WonderSkill Workshop,0,0,0,0
1090,10002950,Admission Fee,WonderSkill Workshop,0,0,0,0
1091,10002948,Admission Fee,WonderSkill Workshop,0,0,0,0
1092,10002947,Admission Fee,WonderSkill Workshop,0,0,0,0
1093,10003138,Admission Fee,WonderSkill Workshop,0,0,0,0
1094,10003128,Admission Fee,WonderSkill Workshop,0,0,0,0
1095,10003129,Admission Fee,WonderSkill Workshop,0,0,0,0
1096,10003126,Admission Fee,WonderSkill Workshop,0,0,0,0
1097,10003107,Admission Fee,WonderSkill Workshop,0,0,0,0
1098,10003099,Admission Fee,WonderSkill Workshop,0,0,0,0
1099,10002943,Admission Fee,WonderSkill Workshop,0,0,0,0
1100,10003297,Admission Fee,WonderSkill Workshop,0,0,0,0
1101,10003291,Admission Fee,WonderSkill Workshop,0,0,0,0
1102,10003259,Admission Fee,WonderSkill Workshop,0,0,0,0
1103,10003242,Admission Fee,WonderSkill Workshop,0,0,0,0
1104,10003224,Admission Fee,WonderSkill Workshop,0,0,0,0
1105,10003217,Admission Fee,WonderSkill Workshop,0,0,0,0
1106,10003165,Admission Fee,WonderSkill Workshop,0,0,0,0
1107,10003144,Admission Fee,WonderSkill Workshop,0,0,0,0
1108,10003267,Admission Fee,WonderSkill Workshop,0,0,0,0
1109,10003208,Admission Fee,WonderSkill Workshop,0,0,0,0
1110,10003228,Admission Fee,WonderSkill Workshop,0,0,0,0
1111,10003216,Admission Fee,WonderSkill Workshop,0,0,0,0
1112,10003212,Admission Fee,WonderSkill Workshop,0,0,0,0
1113,10003143,Admission Fee,WonderSkill Workshop,0,0,0,0
1114,10003123,Admission Fee,WonderSkill Workshop,0,0,0,0
1115,10003124,Admission Fee,WonderSkill Workshop,0,0,0,0
1116,10003032,Admission Fee,WonderSkill Workshop,0,0,0,0
1117,10002970,Admission Fee,WonderSkill Workshop,0,0,0,0
1118,10002967,Admission Fee,WonderSkill Workshop,0,0,0,0
1119,10002958,Admission Fee,WonderSkill Workshop,0,0,0,0
1120,10002953,Admission Fee,WonderSkill Workshop,0,0,0,0
1121,10002952,Admission Fee,WonderSkill Workshop,0,0,0,0
1122,10002951,Admission Fee,WonderSkill Workshop,0,0,0,0
1123,10002938,Admission Fee,WonderSkill Workshop,0,0,0,0
1124,10003127,Admission Fee,WonderSkill Workshop,0,0,0,0
1125,10003118,Admission Fee,WonderSkill Workshop,0,0,0,0
1126,10003071,Admission Fee,WonderSkill Workshop,0,0,0,0
1127,10002931,Admission Fee,WonderSkill Workshop,0,0,0,0
1128,10003200,Admission Fee,WonderSkill Workshop,0,0,0,0
1129,10003176,Admission Fee,WonderSkill Workshop,0,0,0,0
1130,10003088,Admission Fee,WonderSkill Workshop,0,0,0,0
1131,10003141,Admission Fee,WonderSkill Workshop,0,0,0,0
1132,10003139,Admission Fee,WonderSkill Workshop,0,0,0,0
1133,10003122,Admission Fee,WonderSkill Workshop,0,0,0,0
1134,10003131,Admission Fee,WonderSkill Workshop,0,0,0,0
1135,10003241,Admission Fee,WonderSkill Workshop,0,0,0,0
1136,10003125,Admission Fee,WonderSkill Workshop,0,0,0,0
1137,10003308,Admission Fee,WonderSkill Workshop,0,0,0,0
1138,10003205,Admission Fee,WonderSkill Workshop,0,0,0,0
1139,10003201,Admission Fee,WonderSkill Workshop,0,0,0,0
1140,10003193,Admission Fee,WonderSkill Workshop,0,0,0,0
1141,10003110,Admission Fee,WonderSkill Workshop,0,0,0,0
1142,10003157,Admission Fee,WonderSkill Workshop,0,0,0,0
1143,10003142,Admission Fee,WonderSkill Workshop,0,0,0,0
1144,10003132,Admission Fee,WonderSkill Workshop,0,0,0,0
1145,10003130,Admission Fee,WonderSkill Workshop,0,0,0,0
1146,10003247,Admission Fee,WonderSkill Workshop,0,0,0,0
1147,10003235,Admission Fee,WonderSkill Workshop,0,0,0,0
1148,10003145,Admission Fee,WonderSkill Workshop,0,0,0,0
1149,10003121,Admission Fee,WonderSkill Workshop,0,0,0,0
1150,10003272,Admission Fee,WonderSkill Workshop,0,0,0,0
1151,10003309,Admission Fee,WonderSkill Workshop,1000,0,1000,0
1152,10003310,Admission Fee,WonderSkill Workshop,0,0,0,0
1153,10003311,Admission Fee,WonderSkill Workshop,0,0,0,0
1154,10003312,Admission Fee,WonderSkill Workshop,0,0,0,0
1155,10003314,Admission Fee,WonderSkill Workshop,0,0,0,0
1156,10003315,Admission Fee,WonderSkill Workshop,0,0,0,0
1157,10003316,Admission Fee,WonderSkill Workshop,0,0,0,0
1158,10003317,Admission Fee,WonderSkill Workshop,0,0,0,0
1159,10003318,Admission Fee,WonderSkill Workshop,0,0,0,0
1160,10003319,Admission Fee,WonderSkill Workshop,0,0,0,0
1161,10003320,Admission Fee,WonderSkill Workshop,0,0,0,0
1162,10003321,Admission Fee,WonderSkill Workshop,0,0,0,0
1163,10003322,Admission Fee,WonderSkill Workshop,0,0,0,0
1164,10003323,Admission Fee,WonderSkill Workshop,0,0,0,0
1165,10003324,Admission Fee,WonderSkill Workshop,0,0,0,0
1166,10003325,Admission Fee,WonderSkill Workshop,0,0,0,0
1167,10003326,Admission Fee,WonderSkill Workshop,0,0,0,0
1168,10003327,Admission Fee,WonderSkill Workshop,0,0,0,0
1169,10003328,Admission Fee,WonderSkill Workshop,0,0,0,0
1170,10003329,Admission Fee,WonderSkill Workshop,0,0,0,0
1171,10003330,Admission Fee,WonderSkill Workshop,0,0,0,0
1172,10003331,Admission Fee,WonderSkill Workshop,0,0,0,0
1173,10003332,Admission Fee,WonderSkill Workshop,1000,0,1000,0
1174,10003333,Admission Fee,WonderSkill Workshop,0,0,0,0
1175,10003334,Admission Fee,WonderSkill Workshop,0,0,0,0
1176,10003335,Admission Fee,WonderSkill Workshop,0,0,0,0
1177,10003336,Admission Fee,WonderSkill Workshop,0,0,0,0
1178,10003337,Admission Fee,WonderSkill Workshop,0,0,0,0
1179,10003338,Admission Fee,WonderSkill Workshop,0,0,0,0
1180,10003339,Admission Fee,WonderSkill Workshop,0,0,0,0
1181,10003340,Admission Fee,WonderSkill Workshop,0,0,0,0
1182,10003341,Admission Fee,WonderSkill Workshop,0,0,0,0
1183,10003342,Admission Fee,WonderSkill Workshop,0,0,0,0
1184,10003343,Admission Fee,WonderSkill Workshop,0,0,0,0
1185,10003344,Admission Fee,WonderSkill Workshop,0,0,0,0
1186,10003375,Admission Fee,WonderSkill Workshop,0,0,0,0
1187,10003345,Admission Fee,WonderSkill Workshop,0,0,0,0
1188,10003346,Admission Fee,WonderSkill Workshop,0,0,0,0
1189,10003347,Admission Fee,WonderSkill Workshop,0,0,0,0
1190,10003348,Admission Fee,WonderSkill Workshop,0,0,0,0
1191,10003349,Admission Fee,WonderSkill Workshop,0,0,0,0
1192,10003350,Admission Fee,WonderSkill Workshop,0,0,0,0
1193,10003351,Admission Fee,WonderSkill Workshop,0,0,0,0
1194,10003352,Admission Fee,WonderSkill Workshop,0,0,0,0
1195,10003353,Admission Fee,WonderSkill Workshop,0,0,0,0
1196,10003354,Admission Fee,WonderSkill Workshop,0,0,0,0
1197,10003355,Admission Fee,WonderSkill Workshop,0,0,0,0
1198,10003358,Admission Fee,WonderSkill Workshop,0,0,0,0
1199,10003363,Admission Fee,WonderSkill Workshop,0,0,0,0
1200,10003366,Admission Fee,WonderSkill Workshop,0,0,0,0
1201,10003243,Admission Fee,WonderSkill Workshop,0,0,0,0
1202,10003376,Admission Fee,WonderSkill Workshop,1000,0,1000,0
1203,10003377,Admission Fee,WonderSkill Workshop,1000,0,1000,0
1204,10003378,Admission Fee,WonderSkill Workshop,0,0,0,0
1205,10003379,Admission Fee,WonderSkill Workshop,0,0,0,0
1206,10003380,Admission Fee,WonderSkill Workshop,1000,0,1000,0
1207,10003381,Admission Fee,WonderSkill Workshop,1000,0,1000,0
1208,10003382,Admission Fee,WonderSkill Workshop,0,0,0,0
1209,10003383,Admission Fee,WonderSkill Workshop,0,0,0,0
1210,10003384,Admission Fee,WonderSkill Workshop,0,0,0,0
1211,10003385,Admission Fee,WonderSkill Workshop,0,0,0,0
1212,10003386,Admission Fee,WonderSkill Workshop,0,0,0,0
1213,10003387,Admission Fee,WonderSkill Workshop,0,0,0,0
1214,10003389,Admission Fee,WonderSkill Workshop,0,0,0,0
1215,10003390,Admission Fee,WonderSkill Workshop,0,0,0,0
1216,10003391,Admission Fee,WonderSkill Workshop,0,0,0,0
1217,10003392,Admission Fee,WonderSkill Workshop,0,0,0,0
1218,10003393,Admission Fee,WonderSkill Workshop,0,0,0,0
1219,10003394,Admission Fee,WonderSkill Workshop,0,0,0,0
1220,10003395,Admission Fee,WonderSkill Workshop,0,0,0,0
1221,10003396,Admission Fee,WonderSkill Workshop,0,0,0,0
1222,10003397,Admission Fee,WonderSkill Workshop,0,0,0,0
1223,10003398,Admission Fee,WonderSkill Workshop,0,0,0,0
1224,10003399,Admission Fee,WonderSkill Workshop,0,0,0,0
1225,10003400,Admission Fee,WonderSkill Workshop,0,0,0,0
1226,10003401,Admission Fee,WonderSkill Workshop,0,0,0,0
1227,10002471,Admission Fee,WonderSkill Workshop,0,0,0,0
1228,10002940,Admission Fee,WonderSkill Workshop,0,0,0,0
1229,10003402,Admission Fee,WonderSkill Workshop,0,0,0,0
1230,10000905,Admission Fee,WonderSkill Workshop,0,0,0,0
1231,10003403,Admission Fee,WonderSkill Workshop,1000,0,1000,0
1232,10001683,Admission Fee,WonderSkill Workshop,0,0,0,0
1233,10003404,Admission Fee,WonderSkill Workshop,0,0,0,0
1234,10001975,Admission Fee,WonderSkill Workshop,0,0,0,0
1235,10001110,Admission Fee,WonderSkill Workshop,0,0,0,0
1236,10003405,Admission Fee,WonderSkill Workshop,1000,0,1000,0
1237,10003406,Admission Fee,WonderSkill Workshop,0,0,0,0
1238,10001359,Admission Fee,WonderSkill Workshop,0,0,0,0
1239,10001570,Admission Fee,WonderSkill Workshop,0,0,0,0
1240,10002545,Admission Fee,WonderSkill Workshop,0,0,0,0
1241,10001122,Admission Fee,WonderSkill Workshop,0,0,0,0
1242,10000972,Admission Fee,WonderSkill Workshop,0,0,0,0
1243,10001111,Admission Fee,WonderSkill Workshop,0,0,0,0
1244,10003407,Admission Fee,WonderSkill Workshop,0,0,0,0
1245,10003408,Admission Fee,WonderSkill Workshop,1000,0,1000,0
1246,10000978,Admission Fee,WonderSkill Workshop,0,0,0,0
1247,10003409,Admission Fee,WonderSkill Workshop,0,0,0,0
1248,10000960,Admission Fee,WonderSkill Workshop,0,0,0,0
1249,10001004,Admission Fee,WonderSkill Workshop,0,0,0,0
1250,10002559,Admission Fee,WonderSkill Workshop,0,0,0,0
1251,10000968,Admission Fee,WonderSkill Workshop,0,0,0,0
1252,10000970,Admission Fee,WonderSkill Workshop,0,0,0,0
1253,10001343,Admission Fee,WonderSkill Workshop,0,0,0,0
1254,10001179,Admission Fee,WonderSkill Workshop,0,0,0,0
1255,10001210,Admission Fee,WonderSkill Workshop,0,0,0,0
1256,10001257,Admission Fee,WonderSkill Workshop,0,0,0,0
1257,10001258,Admission Fee,WonderSkill Workshop,0,0,0,0
1258,10001538,Admission Fee,WonderSkill Workshop,0,0,0,0
1259,10003410,Admission Fee,WonderSkill Workshop,0,0,0,0
1260,10003411,Admission Fee,WonderSkill Workshop,0,0,0,0
1261,10002367,Admission Fee,WonderSkill Workshop,0,0,0,0
1262,10001219,Admission Fee,WonderSkill Workshop,0,0,0,0
1263,10002339,Admission Fee,WonderSkill Workshop,0,0,0,0
1264,10001421,Admission Fee,WonderSkill Workshop,0,0,0,0
1265,10001006,Admission Fee,WonderSkill Workshop,0,0,0,0
1266,10003412,Admission Fee,WonderSkill Workshop,0,0,0,0
1267,10001593,Admission Fee,WonderSkill Workshop,0,0,0,0
1268,10001096,Admission Fee,WonderSkill Workshop,0,0,0,0
1269,10001850,Admission Fee,WonderSkill Workshop,0,0,0,0
1270,10003413,Admission Fee,WonderSkill Workshop,0,0,0,0
1271,10001373,Admission Fee,WonderSkill Workshop,0,0,0,0
1272,10003414,Admission Fee,WonderSkill Workshop,0,0,0,0
1273,10003415,Admission Fee,WonderSkill Workshop,0,0,0,0
1274,10003416,Admission Fee,WonderSkill Workshop,0,0,0,0
1275,10001363,Admission Fee,WonderSkill Workshop,0,0,0,0
1276,10003417,Admission Fee,WonderSkill Workshop,0,0,0,0
1277,10003418,Admission Fee,WonderSkill Workshop,0,0,0,0
1278,10003419,Admission Fee,WonderSkill Workshop,0,0,0,0
1279,10003420,Admission Fee,WonderSkill Workshop,0,0,0,0
1280,10001184,Admission Fee,WonderSkill Workshop,0,0,0,0
1281,10002683,Admission Fee,WonderSkill Workshop,0,0,0,0
1282,10003421,Admission Fee,WonderSkill Workshop,0,0,0,0
1283,10003422,Admission Fee,WonderSkill Workshop,0,0,0,0
1284,10003423,Admission Fee,WonderSkill Workshop,0,0,0,0
1285,10002921,Admission Fee,WonderSkill Workshop,0,0,0,0
1286,10001069,Admission Fee,WonderSkill Workshop,0,0,0,0
1287,10003424,Admission Fee,WonderSkill Workshop,0,0,0,0
1288,10003425,Admission Fee,WonderSkill Workshop,0,0,0,0
1289,10003426,Admission Fee,WonderSkill Workshop,0,0,0,0
1290,10001259,Admission Fee,WonderSkill Workshop,0,0,0,0
1291,10003427,Admission Fee,WonderSkill Workshop,0,0,0,0
1292,10003469,Admission Fee,WonderSkill Workshop,0,0,0,0
1293,10003429,Admission Fee,WonderSkill Workshop,0,0,0,0
1294,10002335,Admission Fee,WonderSkill Workshop,0,0,0,0
1295,10003430,Admission Fee,WonderSkill Workshop,1000,0,1000,0
1296,10001137,Admission Fee,WonderSkill Workshop,0,0,0,0
1297,10003431,Admission Fee,WonderSkill Workshop,0,0,0,0
1298,10003432,Admission Fee,WonderSkill Workshop,0,0,0,0
1299,10003433,Admission Fee,WonderSkill Workshop,0,0,0,0
1300,10003434,Admission Fee,WonderSkill Workshop,0,0,0,0
1301,10001140,Admission Fee,WonderSkill Workshop,0,0,0,0
1302,10003435,Admission Fee,WonderSkill Workshop,1000,0,1000,0
1303,10003436,Admission Fee,WonderSkill Workshop,0,0,0,0
1304,10003437,Admission Fee,WonderSkill Workshop,0,0,0,0
1305,10002605,Admission Fee,WonderSkill Workshop,0,0,0,0
1306,10001269,Admission Fee,WonderSkill Workshop,0,0,0,0
1307,10003438,Admission Fee,WonderSkill Workshop,1000,0,1000,0
1308,10003439,Admission Fee,WonderSkill Workshop,0,0,0,0
1309,10001394,Admission Fee,WonderSkill Workshop,0,0,0,0
1310,10003440,Admission Fee,WonderSkill Workshop,0,0,0,0
1311,10003441,Admission Fee,WonderSkill Workshop,0,0,0,0
1312,10001113,Admission Fee,WonderSkill Workshop,0,0,0,0
1313,10003442,Admission Fee,WonderSkill Workshop,1000,0,1000,0
1314,10003443,Admission Fee,WonderSkill Workshop,0,0,0,0
1315,10003444,Admission Fee,WonderSkill Workshop,0,0,0,0
1316,10001867,Admission Fee,WonderSkill Workshop,0,0,0,0
1317,10003445,Admission Fee,WonderSkill Workshop,0,0,0,0
1318,10001365,Admission Fee,WonderSkill Workshop,0,0,0,0
1319,10003446,Admission Fee,WonderSkill Workshop,0,0,0,0
1320,10003447,Admission Fee,WonderSkill Workshop,1000,0,1000,0
1321,10003448,Admission Fee,WonderSkill Workshop,0,0,0,0
1322,10003449,Admission Fee,WonderSkill Workshop,0,0,0,0
1323,10001209,Admission Fee,WonderSkill Workshop,0,0,0,0
1324,10001176,Admission Fee,WonderSkill Workshop,0,0,0,0
1325,10001136,Admission Fee,WonderSkill Workshop,0,0,0,0
1326,10002476,Admission Fee,WonderSkill Workshop,0,0,0,0
1327,10001949,Admission Fee,WonderSkill Workshop,0,0,0,0
1328,10001147,Admission Fee,WonderSkill Workshop,0,0,0,0
1329,10001186,Admission Fee,WonderSkill Workshop,0,0,0,0
1330,10001016,Admission Fee,WonderSkill Workshop,0,0,0,0
1331,10001173,Admission Fee,WonderSkill Workshop,0,0,0,0
1332,10003450,Admission Fee,WonderSkill Workshop,0,0,0,0
1333,10000975,Admission Fee,WonderSkill Workshop,0,0,0,0
1334,10001432,Admission Fee,WonderSkill Workshop,0,0,0,0
1335,10003451,Admission Fee,WonderSkill Workshop,1000,0,1000,0
1336,10001678,Admission Fee,WonderSkill Workshop,0,0,0,0
1337,10001349,Admission Fee,WonderSkill Workshop,0,0,0,0
1338,10003452,Admission Fee,WonderSkill Workshop,0,0,0,0
1339,10003453,Admission Fee,WonderSkill Workshop,0,0,0,0
1340,10002922,Admission Fee,WonderSkill Workshop,0,0,0,0
1341,10002885,Admission Fee,WonderSkill Workshop,0,0,0,0
1342,10001003,Admission Fee,WonderSkill Workshop,0,0,0,0
1343,10002782,Admission Fee,WonderSkill Workshop,0,0,0,0
1344,10003454,Admission Fee,WonderSkill Workshop,1000,0,1000,0
1345,10003455,Admission Fee,WonderSkill Workshop,0,0,0,0
1346,10001120,Admission Fee,WonderSkill Workshop,0,0,0,0
1347,10001012,Admission Fee,WonderSkill Workshop,0,0,0,0
1348,10001264,Admission Fee,WonderSkill Workshop,0,0,0,0
1349,10002139,Admission Fee,WonderSkill Workshop,0,0,0,0
1350,10000974,Admission Fee,WonderSkill Workshop,0,0,0,0
1351,1.00035E+13,Admission Fee,WonderSkill Workshop,0,0,0,0
1352,10003457,Admission Fee,WonderSkill Workshop,0,0,0,0
1353,10003458,Admission Fee,WonderSkill Workshop,0,0,0,0
1354,10003459,Admission Fee,WonderSkill Workshop,0,0,0,0
1355,10003460,Admission Fee,WonderSkill Workshop,0,0,0,0
1356,10003461,Admission Fee,WonderSkill Workshop,0,0,0,0
1357,10001055,Admission Fee,WonderSkill Workshop,0,0,0,0
1358,10003462,Admission Fee,WonderSkill Workshop,1000,0,1000,0
1359,10003463,Admission Fee,WonderSkill Workshop,0,0,0,0
1360,10003464,Admission Fee,WonderSkill Workshop,0,0,0,0
1361,10003465,Admission Fee,WonderSkill Workshop,0,0,0,0
1362,10003456,Admission Fee,WonderSkill Workshop,0,0,0,0
1363,10003466,Admission Fee,WonderSkill Workshop,1000,0,1000,0
1364,10001121,Admission Fee,WonderSkill Workshop,0,0,0,0
1365,10003467,Admission Fee,WonderSkill Workshop,0,0,0,0
1366,10002189,Admission Fee,WonderSkill Workshop,0,0,0,0
1367,10003388,Admission Fee,WonderSkill Workshop,0,0,0,0
1368,10003468,Admission Fee,WonderSkill Workshop,0,0,0,0
1369,10001966,Admission Fee,WonderSkill Workshop,0,0,0,0
1370,10003091,Admission Fee,WonderSkill Workshop,0,0,0,0
1371,10003470,Admission Fee,WonderSkill Workshop,0,0,0,0
1372,10002751,Admission Fee,WonderSkill Workshop,0,0,0,0
1373,10003428,Admission Fee,WonderSkill Workshop,0,0,0,0
1374,10003471,Admission Fee,WonderSkill Workshop,0,0,0,0
1375,10003472,Admission Fee,WonderSkill Workshop,1000,0,1000,0
1380,10001378,Admission Fee,WonderSkill Workshop,0,0,0,0
1381,10001666,Admission Fee,WonderSkill Workshop,0,0,0,0
1382,10000954,Admission Fee,WonderSkill Workshop,0,0,0,0
1383,10001072,Admission Fee,WonderSkill Workshop,0,0,0,0
1384,10003473,Admission Fee,WonderSkill Workshop,0,0,0,0
1385,10001946,Admission Fee,WonderSkill Workshop,0,0,0,0
1386,10001229,Admission Fee,WonderSkill Workshop,0,0,0,0
1387,10001118,Admission Fee,WonderSkill Workshop,0,0,0,0
1388,10003474,Admission Fee,WonderSkill Workshop,0,0,0,0
1389,10001005,Admission Fee,WonderSkill Workshop,0,0,0,0
1390,10003475,Admission Fee,WonderSkill Workshop,0,0,0,0
1391,10003476,Admission Fee,WonderSkill Workshop,0,0,0,0
1392,10002880,Admission Fee,WonderSkill Workshop,0,0,0,0
1393,10003477,Admission Fee,WonderSkill Workshop,1000,0,1000,0
1394,10003478,Admission Fee,WonderSkill Workshop,0,0,0,0
1395,10003479,Admission Fee,WonderSkill Workshop,0,0,0,0
1396,10003480,Admission Fee,WonderSkill Workshop,0,0,0,0
1397,10003481,Admission Fee,WonderSkill Workshop,0,0,0,0
1398,10003482,Admission Fee,WonderSkill Workshop,0,0,0,0
1399,10003483,Admission Fee,WonderSkill Workshop,0,0,0,0
1400,10003484,Admission Fee,WonderSkill Workshop,1000,0,1000,0
1401,10003485,Admission Fee,WonderSkill Workshop,0,0,0,0
1403,10003486,Admission Fee,WonderSkill Workshop,0,0,0,0
1404,10003487,Admission Fee,WonderSkill Workshop,0,0,0,0
1405,10003488,Admission Fee,WonderSkill Workshop,0,0,0,0
1406,10003489,Admission Fee,WonderSkill Workshop,0,0,0,0